[{"model": "reviews.category", "pk": 1, "fields": {"name": "\u0424\u0438\u043b\u044c\u043c", "slug": "movie"}}, {"model": "reviews.category", "pk": 2, "fields": {"name": "\u041a\u043d\u0438\u0433\u0430", "slug": "book"}}, {"model": "reviews.category", "pk": 3, "fields": {"name": "\u041c\u0443\u0437\u044b\u043a\u0430", "slug": "music"}}, {"model": "reviews.genre", "pk": 1, "fields": {"name": "\u0414\u0440\u0430\u043c\u0430", "slug": "drama"}}, {"model": "reviews.genre", "pk": 2, "fields": {"name": "\u041a\u043e\u043c\u0435\u0434\u0438\u044f", "slug": "comedy"}}, {"model": "reviews.genre", "pk": 3, "fields": {"name": "\u0412\u0435\u0441\u0442\u0435\u0440\u043d", "slug": "western"}}, {"model": "reviews.genre", "pk": 4, "fields": {"name": "\u0424\u044d\u043d\u0442\u0435\u0437\u0438", "slug": "fantasy"}}, {"model": "reviews.genre", "pk": 5, "fields": {"name": "\u0424\u0430\u043d\u0442\u0430\u0441\u0442\u0438\u043a\u0430", "slug": "sci-fi"}}, {"model": "reviews.genre", "pk": 6, "fields": {"name": "\u0414\u0435\u0442\u0435\u043a\u0442\u0438\u0432", "slug": "detective"}}, {"model": "reviews.genre", "pk": 7, "fields": {"name": "\u0422\u0440\u0438\u043b\u043b\u0435\u0440", "slug": "thriller"}}, {"model": "reviews.genre", "pk": 8, "fields": {"name": "\u0421\u043a\u0430\u0437\u043a\u0430", "slug": "tale"}}, {"model": "reviews.genre", "pk": 9, "fields": {"name": "\u0413\u043e\u043d\u0437\u043e", "slug": "gonzo"}}, {"model": "reviews.genre", "pk": 10, "fields": {"name": "\u0420\u043e\u043c\u0430\u043d", "slug": "roman"}}, {"model": "reviews.genre", "pk": 11, "fields": {"name": "\u0411\u0430\u043b\u043b\u0430\u0434\u0430", "slug": "ballad"}}, {"model": "reviews.genre", "pk": 12, "fields": {"name": "Rock-n-roll", "slug": "rock-n-roll"}}, {"model": "reviews.genre", "pk": 13, "fields": {"name": "\u041a\u043b\u0430\u0441\u0441\u0438\u043a\u0430", "slug": "classical"}}, {"model": "reviews.genre", "pk": 14, "fields": {"name": "\u0420\u043e\u043a", "slug": "rock"}}, {"model": "reviews.genre", "pk": 15, "fields": {"name": "\u0428\u0430\u043d\u0441\u043e\u043d", "slug": "chanson"}}, {"model": "reviews.title", "pk": 1, "fields": {"name": "\u041f\u043e\u0431\u0435\u0433 \u0438\u0437 \u0428\u043e\u0443\u0448\u0435\u043d\u043a\u0430", "year": 1994, "category": 1, "description": null}}, {"model": "reviews.title", "pk": 2, "fields": {"name": "\u041a\u0440\u0435\u0441\u0442\u043d\u044b\u0439 \u043e\u0442\u0435\u0446", "year": 1972, "category": 1, "description": null}}, {"model": "reviews.title", "pk": 3, "fields": {"name": "12 \u0440\u0430\u0437\u0433\u043d\u0435\u0432\u0430\u043d\u043d\u044b\u0445 \u043c\u0443\u0436\u0447\u0438\u043d", "year": 1957, "category": 1, "description": null}}, {"model": "reviews.title", "pk": 4, "fields": {"name": "\u0421\u043f\u0438\u0441\u043e\u043a \u0428\u0438\u043d\u0434\u043b\u0435\u0440\u0430", "year": 1993, "category": 1, "description": null}}, {"model": "reviews.title", "pk": 5, "fields": {"name": "\u041a\u0440\u0438\u043c\u0438\u043d\u0430\u043b\u044c\u043d\u043e\u0435 \u0447\u0442\u0438\u0432\u043e", "year": 1994, "category": 1, "description": null}}, {"model": "reviews.title", "pk": 6, "fields": {"name": "\u0425\u043e\u0440\u043e\u0448\u0438\u0439, \u043f\u043b\u043e\u0445\u043e\u0439, \u0437\u043b\u043e\u0439", "year": 1966, "category": 1, "description": null}}, {"model": "reviews.title", "pk": 7, "fields": {"name": "\u0412\u043b\u0430\u0441\u0442\u0435\u043b\u0438\u043d \u043a\u043e\u043b\u0435\u0446: \u0411\u0440\u0430\u0442\u0441\u0442\u0432\u043e \u043a\u043e\u043b\u044c\u0446\u0430", "year": 2001, "category": 1, "description": null}}, {"model": "reviews.title", "pk": 8, "fields": {"name": "\u0411\u043e\u0439\u0446\u043e\u0432\u0441\u043a\u0438\u0439 \u043a\u043b\u0443\u0431", "year": 1999, "category": 1, "description": null}}, {"model": "reviews.title", "pk": 9, "fields": {"name": "\u0424\u043e\u0440\u0440\u0435\u0441\u0442 \u0413\u0430\u043c\u043f", "year": 1994, "category": 1, "description": null}}, {"model": "reviews.title", "pk": 10, "fields": {"name": "\u0417\u0432\u0451\u0437\u0434\u043d\u044b\u0435 \u0432\u043e\u0439\u043d\u044b. \u042d\u043f\u0438\u0437\u043e\u0434 5: \u0418\u043c\u043f\u0435\u0440\u0438\u044f \u043d\u0430\u043d\u043e\u0441\u0438\u0442 \u043e\u0442\u0432\u0435\u0442\u043d\u044b\u0439 \u0443\u0434\u0430\u0440", "year": 1980, "category": 1, "description": null}}, {"model": "reviews.title", "pk": 11, "fields": {"name": "\u0412\u043b\u0430\u0441\u0442\u0435\u043b\u0438\u043d \u043a\u043e\u043b\u0435\u0446: \u0414\u0432\u0435 \u043a\u0440\u0435\u043f\u043e\u0441\u0442\u0438", "year": 2002, "category": 1, "description": null}}, {"model": "reviews.title", "pk": 12, "fields": {"name": "\u041c\u0430\u0442\u0440\u0438\u0446\u0430", "year": 1999, "category": 1, "description": null}}, {"model": "reviews.title", "pk": 13, "fields": {"name": "\u041f\u0440\u043e\u043b\u0435\u0442\u0430\u044f \u043d\u0430\u0434 \u0433\u043d\u0435\u0437\u0434\u043e\u043c \u043a\u0443\u043a\u0443\u0448\u043a\u0438", "year": 1975, "category": 1, "description": null}}, {"model": "reviews.title", "pk": 14, "fields": {"name": "\u041d\u0430\u0437\u0430\u0434 \u0432 \u0431\u0443\u0434\u0443\u0449\u0435\u0435", "year": 1985, "category": 1, "description": null}}, {"model": "reviews.title", "pk": 15, "fields": {"name": "\u041e\u043f\u0435\u0440\u0430\u0446\u0438\u044f \u00ab\u042b\u00bb \u0438 \u0434\u0440\u0443\u0433\u0438\u0435 \u043f\u0440\u0438\u043a\u043b\u044e\u0447\u0435\u043d\u0438\u044f \u0428\u0443\u0440\u0438\u043a\u0430", "year": 1965, "category": 1, "description": null}}, {"model": "reviews.title", "pk": 16, "fields": {"name": "\u041a\u0430\u0440\u0442\u044b, \u0434\u0435\u043d\u044c\u0433\u0438, \u0434\u0432\u0430 \u0441\u0442\u0432\u043e\u043b\u0430", "year": 1998, "category": 1, "description": null}}, {"model": "reviews.title", "pk": 17, "fields": {"name": "\u0414\u0436\u0435\u043d\u0442\u043b\u044c\u043c\u0435\u043d\u044b \u0443\u0434\u0430\u0447\u0438 ", "year": 1971, "category": 1, "description": null}}, {"model": "reviews.title", "pk": 18, "fields": {"name": "\u0414\u0436\u0430\u043d\u0433\u043e \u043e\u0441\u0432\u043e\u0431\u043e\u0436\u0434\u0435\u043d\u043d\u044b\u0439", "year": 2012, "category": 1, "description": null}}, {"model": "reviews.title", "pk": 19, "fields": {"name": "Generation \u041f", "year": 2011, "category": 1, "description": null}}, {"model": "reviews.title", "pk": 20, "fields": {"name": "\u041a\u043e\u043b\u043e\u0431\u043e\u043a", "year": 1873, "category": 2, "description": null}}, {"model": "reviews.title", "pk": 21, "fields": {"name": "\u0421\u0442\u0440\u0430\u0445 \u0438 \u043d\u0435\u043d\u0430\u0432\u0438\u0441\u0442\u044c \u0432 \u041b\u0430\u0441-\u0412\u0435\u0433\u0430\u0441\u0435", "year": 1971, "category": 2, "description": null}}, {"model": "reviews.title", "pk": 22, "fields": {"name": "\u0412\u043e\u0439\u043d\u0430 \u0438 \u043c\u0438\u0440", "year": 1865, "category": 2, "description": null}}, {"model": "reviews.title", "pk": 23, "fields": {"name": "\u0423\u043b\u0438\u0441\u0441", "year": 1918, "category": 2, "description": null}}, {"model": "reviews.title", "pk": 24, "fields": {"name": "Generation \u041f", "year": 1999, "category": 2, "description": null}}, {"model": "reviews.title", "pk": 25, "fields": {"name": "\u0412\u0438\u043d\u043d\u0438 \u041f\u0443\u0445 \u0438 \u0432\u0441\u0435-\u0432\u0441\u0435-\u0432\u0441\u0435", "year": 1926, "category": 2, "description": null}}, {"model": "reviews.title", "pk": 26, "fields": {"name": "\u0421\u0442\u0430\u0441 \u041c\u0438\u0445\u0430\u0439\u043b\u043e\u0432 - \u041f\u043e\u0437\u044b\u0432\u043d\u044b\u0435 \u043d\u0430 \u043b\u044e\u0431\u043e\u0432\u044c", "year": 2004, "category": 3, "description": null}}, {"model": "reviews.title", "pk": 27, "fields": {"name": "Led Zeppelin \u2014 Stairway to Heaven", "year": 1971, "category": 3, "description": null}}, {"model": "reviews.title", "pk": 28, "fields": {"name": "Jethro Tull - Aqualung", "year": 1971, "category": 3, "description": null}}, {"model": "reviews.title", "pk": 29, "fields": {"name": "Elvis Presley - Blue Suede Shoes", "year": 1955, "category": 3, "description": null}}, {"model": "reviews.title", "pk": 30, "fields": {"name": "Deep Purple \u2014 Smoke on the Water", "year": 1971, "category": 3, "description": null}}, {"model": "reviews.title", "pk": 31, "fields": {"name": "\u041c\u043e\u0446\u0430\u0440\u0442 - \u0422\u0443\u0440\u0435\u0446\u043a\u0438\u0439 \u043c\u0430\u0440\u0448", "year": 1784, "category": 3, "description": null}}, {"model": "reviews.title", "pk": 32, "fields": {"name": "\u0411\u0430\u0445. \u041e\u0440\u043a\u0435\u0441\u0442\u0440\u043e\u0432\u0430\u044f \u0421\u044e\u0438\u0442\u0430 \u21162 \u0441\u0438 \u043c\u0438\u043d\u043e\u0440", "year": 1739, "category": 3, "description": null}}, {"model": "reviews.genretitle", "pk": 1, "fields": {"genre": 1, "title": 1}}, {"model": "reviews.genretitle", "pk": 2, "fields": {"genre": 1, "title": 2}}, {"model": "reviews.genretitle", "pk": 3, "fields": {"genre": 1, "title": 3}}, {"model": "reviews.genretitle", "pk": 4, "fields": {"genre": 1, "title": 4}}, {"model": "reviews.genretitle", "pk": 5, "fields": {"genre": 2, "title": 5}}, {"model": "reviews.genretitle", "pk": 6, "fields": {"genre": 6, "title": 5}}, {"model": "reviews.genretitle", "pk": 7, "fields": {"genre": 7, "title": 5}}, {"model": "reviews.genretitle", "pk": 8, "fields": {"genre": 3, "title": 6}}, {"model": "reviews.genretitle", "pk": 9, "fields": {"genre": 4, "title": 7}}, {"model": "reviews.genretitle", "pk": 10, "fields": {"genre": 7, "title": 8}}, {"model": "reviews.genretitle", "pk": 11, "fields": {"genre": 1, "title": 9}}, {"model": "reviews.genretitle", "pk": 12, "fields": {"genre": 2, "title": 9}}, {"model": "reviews.genretitle", "pk": 13, "fields": {"genre": 4, "title": 10}}, {"model": "reviews.genretitle", "pk": 14, "fields": {"genre": 4, "title": 11}}, {"model": "reviews.genretitle", "pk": 15, "fields": {"genre": 1, "title": 12}}, {"model": "reviews.genretitle", "pk": 16, "fields": {"genre": 5, "title": 12}}, {"model": "reviews.genretitle", "pk": 17, "fields": {"genre": 6, "title": 12}}, {"model": "reviews.genretitle", "pk": 18, "fields": {"genre": 8, "title": 12}}, {"model": "reviews.genretitle", "pk": 19, "fields": {"genre": 1, "title": 13}}, {"model": "reviews.genretitle", "pk": 20, "fields": {"genre": 5, "title": 14}}, {"model": "reviews.genretitle", "pk": 21, "fields": {"genre": 2, "title": 15}}, {"model": "reviews.genretitle", "pk": 22, "fields": {"genre": 6, "title": 15}}, {"model": "reviews.genretitle", "pk": 23, "fields": {"genre": 8, "title": 15}}, {"model": "reviews.genretitle", "pk": 24, "fields": {"genre": 2, "title": 16}}, {"model": "reviews.genretitle", "pk": 25, "fields": {"genre": 2, "title": 17}}, {"model": "reviews.genretitle", "pk": 26, "fields": {"genre": 1, "title": 18}}, {"model": "reviews.genretitle", "pk": 27, "fields": {"genre": 1, "title": 19}}, {"model": "reviews.genretitle", "pk": 28, "fields": {"genre": 7, "title": 20}}, {"model": "reviews.genretitle", "pk": 29, "fields": {"genre": 8, "title": 20}}, {"model": "reviews.genretitle", "pk": 30, "fields": {"genre": 9, "title": 21}}, {"model": "reviews.genretitle", "pk": 31, "fields": {"genre": 10, "title": 22}}, {"model": "reviews.genretitle", "pk": 32, "fields": {"genre": 10, "title": 23}}, {"model": "reviews.genretitle", "pk": 33, "fields": {"genre": 10, "title": 24}}, {"model": "reviews.genretitle", "pk": 34, "fields": {"genre": 8, "title": 25}}, {"model": "reviews.genretitle", "pk": 35, "fields": {"genre": 15, "title": 26}}, {"model": "reviews.genretitle", "pk": 36, "fields": {"genre": 11, "title": 27}}, {"model": "reviews.genretitle", "pk": 37, "fields": {"genre": 14, "title": 27}}, {"model": "reviews.genretitle", "pk": 38, "fields": {"genre": 11, "title": 28}}, {"model": "reviews.genretitle", "pk": 39, "fields": {"genre": 12, "title": 29}}, {"model": "reviews.genretitle", "pk": 40, "fields": {"genre": 14, "title": 30}}, {"model": "reviews.genretitle", "pk": 41, "fields": {"genre": 13, "title": 31}}, {"model": "reviews.genretitle", "pk": 42, "fields": {"genre": 13, "title": 32}}, {"model": "reviews.rating", "pk": 1, "fields": {"ratings": 10}}, {"model": "reviews.rating", "pk": 2, "fields": {"ratings": 9}}, {"model": "reviews.rating", "pk": 3, "fields": {"ratings": 6}}, {"model": "contenttypes.contenttype", "pk": 1, "fields": {"app_label": "reviews", "model": "users"}}, {"model": "contenttypes.contenttype", "pk": 2, "fields": {"app_label": "reviews", "model": "category"}}, {"model": "contenttypes.contenttype", "pk": 3, "fields": {"app_label": "reviews", "model": "genre"}}, {"model": "contenttypes.contenttype", "pk": 4, "fields": {"app_label": "reviews", "model": "genretitle"}}, {"model": "contenttypes.contenttype", "pk": 5, "fields": {"app_label": "reviews", "model": "title"}}, {"model": "contenttypes.contenttype", "pk": 6, "fields": {"app_label": "reviews", "model": "rating"}}, {"model": "contenttypes.contenttype", "pk": 7, "fields": {"app_label": "reviews", "model": "review"}}, {"model": "contenttypes.contenttype", "pk": 8, "fields": {"app_label": "reviews", "model": "comment"}}, {"model": "contenttypes.contenttype", "pk": 9, "fields": {"app_label": "admin", "model": "logentry"}}, {"model": "contenttypes.contenttype", "pk": 10, "fields": {"app_label": "auth", "model": "permission"}}, {"model": "contenttypes.contenttype", "pk": 11, "fields": {"app_label": "auth", "model": "group"}}, {"model": "contenttypes.contenttype", "pk": 12, "fields": {"app_label": "contenttypes", "model": "contenttype"}}, {"model": "contenttypes.contenttype", "pk": 13, "fields": {"app_label": "sessions", "model": "session"}}, {"model": "sessions.session", "pk": "bvecenvrp7nq53hzuiqb6kvgbyx5o061", "fields": {"session_data": "MWRjNTI0ZTZiOTMxYmQ4N2E2MWJhNDRhOTU0MGFjYTVmNzcxOTU0Mjp7Il9hdXRoX3VzZXJfaWQiOiIxIiwiX2F1dGhfdXNlcl9iYWNrZW5kIjoiZGphbmdvLmNvbnRyaWIuYXV0aC5iYWNrZW5kcy5Nb2RlbEJhY2tlbmQiLCJfYXV0aF91c2VyX2hhc2giOiJjZjgxZTA2NmI1Y2I5MDlkNjg2YzQ4NjQyMTM1MGQ1MGIwYmYwNjk1In0=", "expire_date": "2022-07-26T12:53:31.006Z"}}, {"model": "auth.permission", "pk": 1, "fields": {"name": "Can add \u041f\u043e\u043b\u044c\u0437\u043e\u0432\u0430\u0442\u0435\u043b\u044c", "content_type": 1, "codename": "add_users"}}, {"model": "auth.permission", "pk": 2, "fields": {"name": "Can change \u041f\u043e\u043b\u044c\u0437\u043e\u0432\u0430\u0442\u0435\u043b\u044c", "content_type": 1, "codename": "change_users"}}, {"model": "auth.permission", "pk": 3, "fields": {"name": "Can delete \u041f\u043e\u043b\u044c\u0437\u043e\u0432\u0430\u0442\u0435\u043b\u044c", "content_type": 1, "codename": "delete_users"}}, {"model": "auth.permission", "pk": 4, "fields": {"name": "Can view \u041f\u043e\u043b\u044c\u0437\u043e\u0432\u0430\u0442\u0435\u043b\u044c", "content_type": 1, "codename": "view_users"}}, {"model": "auth.permission", "pk": 5, "fields": {"name": "Can add category", "content_type": 2, "codename": "add_category"}}, {"model": "auth.permission", "pk": 6, "fields": {"name": "Can change category", "content_type": 2, "codename": "change_category"}}, {"model": "auth.permission", "pk": 7, "fields": {"name": "Can delete category", "content_type": 2, "codename": "delete_category"}}, {"model": "auth.permission", "pk": 8, "fields": {"name": "Can view category", "content_type": 2, "codename": "view_category"}}, {"model": "auth.permission", "pk": 9, "fields": {"name": "Can add genre", "content_type": 3, "codename": "add_genre"}}, {"model": "auth.permission", "pk": 10, "fields": {"name": "Can change genre", "content_type": 3, "codename": "change_genre"}}, {"model": "auth.permission", "pk": 11, "fields": {"name": "Can delete genre", "content_type": 3, "codename": "delete_genre"}}, {"model": "auth.permission", "pk": 12, "fields": {"name": "Can view genre", "content_type": 3, "codename": "view_genre"}}, {"model": "auth.permission", "pk": 13, "fields": {"name": "Can add \u0416\u0430\u043d\u0440 \u043f\u0440\u043e\u0438\u0437\u0432\u0435\u0434\u0435\u043d\u0438\u044f", "content_type": 4, "codename": "add_genretitle"}}, {"model": "auth.permission", "pk": 14, "fields": {"name": "Can change \u0416\u0430\u043d\u0440 \u043f\u0440\u043e\u0438\u0437\u0432\u0435\u0434\u0435\u043d\u0438\u044f", "content_type": 4, "codename": "change_genretitle"}}, {"model": "auth.permission", "pk": 15, "fields": {"name": "Can delete \u0416\u0430\u043d\u0440 \u043f\u0440\u043e\u0438\u0437\u0432\u0435\u0434\u0435\u043d\u0438\u044f", "content_type": 4, "codename": "delete_genretitle"}}, {"model": "auth.permission", "pk": 16, "fields": {"name": "Can view \u0416\u0430\u043d\u0440 \u043f\u0440\u043e\u0438\u0437\u0432\u0435\u0434\u0435\u043d\u0438\u044f", "content_type": 4, "codename": "view_genretitle"}}, {"model": "auth.permission", "pk": 17, "fields": {"name": "Can add title", "content_type": 5, "codename": "add_title"}}, {"model": "auth.permission", "pk": 18, "fields": {"name": "Can change title", "content_type": 5, "codename": "change_title"}}, {"model": "auth.permission", "pk": 19, "fields": {"name": "Can delete title", "content_type": 5, "codename": "delete_title"}}, {"model": "auth.permission", "pk": 20, "fields": {"name": "Can view title", "content_type": 5, "codename": "view_title"}}, {"model": "auth.permission", "pk": 21, "fields": {"name": "Can add \u0420\u0435\u0439\u0442\u0438\u043d\u0433", "content_type": 6, "codename": "add_rating"}}, {"model": "auth.permission", "pk": 22, "fields": {"name": "Can change \u0420\u0435\u0439\u0442\u0438\u043d\u0433", "content_type": 6, "codename": "change_rating"}}, {"model": "auth.permission", "pk": 23, "fields": {"name": "Can delete \u0420\u0435\u0439\u0442\u0438\u043d\u0433", "content_type": 6, "codename": "delete_rating"}}, {"model": "auth.permission", "pk": 24, "fields": {"name": "Can view \u0420\u0435\u0439\u0442\u0438\u043d\u0433", "content_type": 6, "codename": "view_rating"}}, {"model": "auth.permission", "pk": 25, "fields": {"name": "Can add \u0420\u0435\u0432\u044c\u044e", "content_type": 7, "codename": "add_review"}}, {"model": "auth.permission", "pk": 26, "fields": {"name": "Can change \u0420\u0435\u0432\u044c\u044e", "content_type": 7, "codename": "change_review"}}, {"model": "auth.permission", "pk": 27, "fields": {"name": "Can delete \u0420\u0435\u0432\u044c\u044e", "content_type": 7, "codename": "delete_review"}}, {"model": "auth.permission", "pk": 28, "fields": {"name": "Can view \u0420\u0435\u0432\u044c\u044e", "content_type": 7, "codename": "view_review"}}, {"model": "auth.permission", "pk": 29, "fields": {"name": "Can add \u041a\u043e\u043c\u043c\u0435\u043d\u0442\u0430\u0440\u0438\u0439", "content_type": 8, "codename": "add_comment"}}, {"model": "auth.permission", "pk": 30, "fields": {"name": "Can change \u041a\u043e\u043c\u043c\u0435\u043d\u0442\u0430\u0440\u0438\u0439", "content_type": 8, "codename": "change_comment"}}, {"model": "auth.permission", "pk": 31, "fields": {"name": "Can delete \u041a\u043e\u043c\u043c\u0435\u043d\u0442\u0430\u0440\u0438\u0439", "content_type": 8, "codename": "delete_comment"}}, {"model": "auth.permission", "pk": 32, "fields": {"name": "Can view \u041a\u043e\u043c\u043c\u0435\u043d\u0442\u0430\u0440\u0438\u0439", "content_type": 8, "codename": "view_comment"}}, {"model": "auth.permission", "pk": 33, "fields": {"name": "Can add log entry", "content_type": 9, "codename": "add_logentry"}}, {"model": "auth.permission", "pk": 34, "fields": {"name": "Can change log entry", "content_type": 9, "codename": "change_logentry"}}, {"model": "auth.permission", "pk": 35, "fields": {"name": "Can delete log entry", "content_type": 9, "codename": "delete_logentry"}}, {"model": "auth.permission", "pk": 36, "fields": {"name": "Can view log entry", "content_type": 9, "codename": "view_logentry"}}, {"model": "auth.permission", "pk": 37, "fields": {"name": "Can add permission", "content_type": 10, "codename": "add_permission"}}, {"model": "auth.permission", "pk": 38, "fields": {"name": "Can change permission", "content_type": 10, "codename": "change_permission"}}, {"model": "auth.permission", "pk": 39, "fields": {"name": "Can delete permission", "content_type": 10, "codename": "delete_permission"}}, {"model": "auth.permission", "pk": 40, "fields": {"name": "Can view permission", "content_type": 10, "codename": "view_permission"}}, {"model": "auth.permission", "pk": 41, "fields": {"name": "Can add group", "content_type": 11, "codename": "add_group"}}, {"model": "auth.permission", "pk": 42, "fields": {"name": "Can change group", "content_type": 11, "codename": "change_group"}}, {"model": "auth.permission", "pk": 43, "fields": {"name": "Can delete group", "content_type": 11, "codename": "delete_group"}}, {"model": "auth.permission", "pk": 44, "fields": {"name": "Can view group", "content_type": 11, "codename": "view_group"}}, {"model": "auth.permission", "pk": 45, "fields": {"name": "Can add content type", "content_type": 12, "codename": "add_contenttype"}}, {"model": "auth.permission", "pk": 46, "fields": {"name": "Can change content type", "content_type": 12, "codename": "change_contenttype"}}, {"model": "auth.permission", "pk": 47, "fields": {"name": "Can delete content type", "content_type": 12, "codename": "delete_contenttype"}}, {"model": "auth.permission", "pk": 48, "fields": {"name": "Can view content type", "content_type": 12, "codename": "view_contenttype"}}, {"model": "auth.permission", "pk": 49, "fields": {"name": "Can add session", "content_type": 13, "codename": "add_session"}}, {"model": "auth.permission", "pk": 50, "fields": {"name": "Can change session", "content_type": 13, "codename": "change_session"}}, {"model": "auth.permission", "pk": 51, "fields": {"name": "Can delete session", "content_type": 13, "codename": "delete_session"}}, {"model": "auth.permission", "pk": 52, "fields": {"name": "Can view session", "content_type": 13, "codename": "view_session"}}, {"model": "reviews.users", "pk": 1, "fields": {"password": "pbkdf2_sha256$150000$vqBoofUEanFz$wkR4897CKBTX7RsCa4SNEM/3EJC3CTMXPjG6ECjw8r4=", "last_login": "2022-07-12T12:53:31.004Z", "is_superuser": true, "is_staff": true, "is_active": true, "date_joined": "2022-07-12T12:52:48.362Z", "username": "ivan", "email": "ivan_r2000@mail.ru", "role": "user", "bio": null, "first_name": null, "last_name": null, "confirmation_code": null, "groups": [], "user_permissions": []}}, {"model": "reviews.users", "pk": 100, "fields": {"password": "", "last_login": null, "is_superuser": false, "is_staff": false, "is_active": true, "date_joined": "2022-07-12T13:33:54.966Z", "username": "bingobongo", "email": "bingobongo@yamdb.fake", "role": "user", "bio": "", "first_name": "", "last_name": "", "confirmation_code": null, "groups": [], "user_permissions": []}}, {"model": "reviews.users", "pk": 101, "fields": {"password": "", "last_login": null, "is_superuser": false, "is_staff": false, "is_active": true, "date_joined": "2022-07-12T13:33:54.966Z", "username": "capt_obvious", "email": "capt_obvious@yamdb.fake", "role": "admin", "bio": "", "first_name": "", "last_name": "", "confirmation_code": null, "groups": [], "user_permissions": []}}, {"model": "reviews.users", "pk": 102, "fields": {"password": "", "last_login": null, "is_superuser": false, "is_staff": false, "is_active": true, "date_joined": "2022-07-12T13:33:54.966Z", "username": "faust", "email": "faust@yamdb.fake", "role": "user", "bio": "", "first_name": "", "last_name": "", "confirmation_code": null, "groups": [], "user_permissions": []}}, {"model": "reviews.users", "pk": 103, "fields": {"password": "", "last_login": null, "is_superuser": false, "is_staff": false, "is_active": true, "date_joined": "2022-07-12T13:33:54.966Z", "username": "reviewer", "email": "reviewer@yamdb.fake", "role": "user", "bio": "", "first_name": "", "last_name": "", "confirmation_code": null, "groups": [], "user_permissions": []}}, {"model": "reviews.users", "pk": 104, "fields": {"password": "", "last_login": null, "is_superuser": false, "is_staff": false, "is_active": true, "date_joined": "2022-07-12T13:33:54.966Z", "username": "angry", "email": "angry@yamdb.fake", "role": "moderator", "bio": "", "first_name": "", "last_name": "", "confirmation_code": null, "groups": [], "user_permissions": []}}, {"model": "reviews.review", "pk": 1, "fields": {"title": 1, "text": "\u0421\u0442\u0430\u0432\u043b\u044e \u0434\u0435\u0441\u044f\u0442\u044c \u0437\u0432\u0451\u0437\u0434!\n...\u042d\u0442\u0438 \u0433\u043e\u043b\u043e\u0441\u0430 \u0431\u044b\u043b\u0438 \u0447\u0438\u0449\u0435 \u0438 \u0441\u0432\u0435\u0442\u043b\u0435\u0435 \u0442\u0435\u0445, \u043e \u043a\u043e\u0442\u043e\u0440\u044b\u0445 \u043c\u0435\u0447\u0442\u0430\u043b\u0438 \u0432 \u044d\u0442\u043e\u043c \u0441\u0435\u0440\u043e\u043c, \u0443\u0431\u043e\u0433\u043e\u043c \u043c\u0435\u0441\u0442\u0435. \u041a\u0430\u043a \u0431\u0443\u0434\u0442\u043e \u0434\u0432\u0435 \u043f\u0442\u0438\u0447\u043a\u0438 \u0432\u043b\u0435\u0442\u0435\u043b\u0438 \u0438 \u0441\u0432\u043e\u0438\u043c\u0438 \u0433\u043e\u043b\u043e\u0441\u0430\u043c\u0438 \u0440\u0430\u0437\u0432\u0435\u044f\u043b\u0438 \u0441\u0442\u0435\u043d\u044b \u043d\u0430\u0448\u0438\u0445 \u043a\u043b\u0435\u0442\u043e\u043a, \u0438 \u043d\u0430 \u043a\u043e\u0440\u043e\u0442\u043a\u0438\u0439 \u043c\u0438\u0433 \u043a\u0430\u0436\u0434\u044b\u0439 \u0447\u0435\u043b\u043e\u0432\u0435\u043a \u0432 \u0428\u043e\u0443\u0448\u0435\u043d\u043a\u0435 \u043f\u043e\u0447\u0443\u0432\u0441\u0442\u0432\u043e\u0432\u0430\u043b \u0441\u0435\u0431\u044f \u0441\u0432\u043e\u0431\u043e\u0434\u043d\u044b\u043c.", "author": 100, "score": 10, "pub_date": "2022-07-12T13:33:54.980Z"}}, {"model": "reviews.review", "pk": 2, "fields": {"title": 1, "text": "\u041d\u0435 \u043f\u0440\u0438\u0432\u044b\u043a\u0430\u0439\n\u00ab\u042d\u0442\u0438 \u0441\u0442\u0435\u043d\u044b \u0438\u043c\u0435\u044e\u0442 \u043e\u0434\u043d\u043e \u0441\u0432\u043e\u0439\u0441\u0442\u0432\u043e: \u0441\u043d\u0430\u0447\u0430\u043b\u0430 \u0442\u044b \u0438\u0445 \u043d\u0435\u043d\u0430\u0432\u0438\u0434\u0438\u0448\u044c, \u043f\u043e\u0442\u043e\u043c \u043f\u0440\u0438\u0432\u044b\u043a\u0430\u0435\u0448\u044c, \u0430 \u043f\u043e\u0442\u043e\u043c \u043d\u0435 \u043c\u043e\u0436\u0435\u0448\u044c \u0431\u0435\u0437 \u043d\u0438\u0445 \u0436\u0438\u0442\u044c\u00bb", "author": 101, "score": 10, "pub_date": "2022-07-12T13:33:54.980Z"}}, {"model": "reviews.review", "pk": 3, "fields": {"title": 2, "text": "\u0424\u0438\u043b\u044c\u043c, \u0440\u0430\u0437\u043e\u0431\u0440\u0430\u043d\u043d\u044b\u0439 \u043d\u0430 \u0446\u0438\u0442\u0430\u0442\u044b, \u0434\u043e\u0441\u0442\u043e\u0438\u043d \u0432\u044b\u0441\u0448\u0435\u0439 \u043e\u0446\u0435\u043d\u043a\u0438. \u0414\u0435\u0441\u044f\u0442\u044c \u0441 \u043f\u043b\u044e\u0441\u043e\u043c (\u0436\u0430\u043b\u044c, \u0442\u0443\u0442 \u043f\u043b\u044e\u0441\u0430 \u043d\u0435\u0442)\n\"\u0422\u044b \u043f\u0440\u0438\u0448\u0435\u043b \u0438 \u0433\u043e\u0432\u043e\u0440\u0438\u0448\u044c: \"\u0414\u043e\u043d \u041a\u043e\u0440\u043b\u0435\u043e\u043d\u0435, \u043c\u043d\u0435 \u043d\u0443\u0436\u043d\u0430 \u0441\u043f\u0440\u0430\u0432\u0435\u0434\u043b\u0438\u0432\u043e\u0441\u0442\u044c\". \u041d\u043e \u0442\u044b \u043f\u0440\u043e\u0441\u0438\u0448\u044c \u0431\u0435\u0437 \u0443\u0432\u0430\u0436\u0435\u043d\u0438\u044f, \u0442\u044b \u043d\u0435 \u043f\u0440\u0435\u0434\u043b\u0430\u0433\u0430\u0435\u0448\u044c \u0434\u0440\u0443\u0436\u0431\u0443, \u0442\u044b \u0434\u0430\u0436\u0435 \u043d\u0435 \u043d\u0430\u0437\u0432\u0430\u043b \u043c\u0435\u043d\u044f \u041a\u0440\u0435\u0441\u0442\u043d\u044b\u043c \u041e\u0442\u0446\u043e\u043c.\"", "author": 102, "score": 10, "pub_date": "2022-07-12T13:33:54.980Z"}}, {"model": "reviews.review", "pk": 4, "fields": {"title": 2, "text": "\u0416\u0435\u0441\u0442\u043e\u043a\u0438\u0439, \u0436\u0435\u0441\u0442\u043e\u043a\u0438\u0439, \u0436\u0435\u0441\u0442\u043e\u043a\u0438\u0439 \u043c\u0438\u0440, \u043d\u0435 \u043e \u0442\u0430\u043a\u043e\u043c \u043c\u0435\u0447\u0442\u0430\u043b\u0438 \u043c\u044b \u0432 \u0434\u0435\u0442\u0441\u0442\u0432\u0435!!111\n***\u041e\u0442\u0435\u0446 \u0441\u0434\u0435\u043b\u0430\u043b \u0435\u043c\u0443 \u043f\u0440\u0435\u0434\u043b\u043e\u0436\u0435\u043d\u0438\u0435, \u043e\u0442 \u043a\u043e\u0442\u043e\u0440\u043e\u0433\u043e \u043e\u043d \u043d\u0435 \u0441\u043c\u043e\u0433 \u043e\u0442\u043a\u0430\u0437\u0430\u0442\u044c\u0441\u044f. \u041b\u0443\u043a\u0430 \u0411\u0440\u0430\u0437\u0438 \u0434\u0435\u0440\u0436\u0430\u043b \u043f\u0438\u0441\u0442\u043e\u043b\u0435\u0442 \u0443 \u0435\u0433\u043e \u0432\u0438\u0441\u043a\u0430, \u0438 \u043e\u0442\u0435\u0446 \u043f\u0440\u0435\u0434\u043b\u043e\u0436\u0438\u043b \u0432\u044b\u0431\u043e\u0440: \u043b\u0438\u0431\u043e \u043d\u0430 \u043a\u043e\u043d\u0442\u0440\u0430\u043a\u0442\u0435 \u043c\u043e\u0437\u0433\u0438, \u043b\u0438\u0431\u043e \u043f\u043e\u0434\u043f\u0438\u0441\u044c.***", "author": 103, "score": 1, "pub_date": "2022-07-12T13:33:54.980Z"}}, {"model": "reviews.review", "pk": 5, "fields": {"title": 2, "text": "\u042d\u0442\u043e \u043c\u043e\u0438 \u0441\u043e\u0441\u0435\u0434\u0438! \u0421\u0442\u0430\u0432\u043b\u044e \u0442\u0440\u0438 \u0437\u0432\u0435\u0437\u0434\u044b \u0437\u0430 \u0442\u043e, \u0447\u0442\u043e \u043e\u043d\u0438 \u0434\u0432\u0430\u0436\u0434\u044b \u043e\u0442\u0434\u0430\u0432\u0438\u043b\u0438 \u043c\u043d\u0435 \u043e\u043a\u043d\u043e\u043c \u043f\u0430\u043b\u044c\u0446\u044b:\n----------------------\n\u2014 \u0412\u044b \u0436\u0438\u0432\u0451\u0442\u0435 \u0432 \u043f\u043b\u043e\u0445\u043e\u043c \u0440\u0430\u0439\u043e\u043d\u0435?\n\u2014 \u041d\u0435 \u0442\u043e \u0441\u043b\u043e\u0432\u043e. \u041e\u0434\u043d\u0430\u0436\u0434\u044b \u0441 \u043d\u0430\u0448\u0435\u0439 \u0443\u043b\u0438\u0446\u044b \u0443\u0433\u043d\u0430\u043b\u0438 \u043f\u043e\u043b\u0438\u0446\u0435\u0439\u0441\u043a\u0443\u044e \u043c\u0430\u0448\u0438\u043d\u0443 \u0441 \u0434\u0432\u0443\u043c\u044f \u043f\u043e\u043b\u0438\u0446\u0435\u0439\u0441\u043a\u0438\u043c\u0438. \u0412 \u0434\u043e\u043c \u0432\u0441\u0451 \u0432\u0440\u0435\u043c\u044f \u043b\u0435\u0437\u0443\u0442 \u0432\u043e\u0440\u044b. \u041a\u0430\u0436\u0434\u044b\u0439 \u0440\u0430\u0437, \u043a\u0430\u043a \u044f \u043f\u044b\u0442\u0430\u044e\u0441\u044c \u0437\u0430\u043a\u0440\u044b\u0442\u044c \u043e\u043a\u043d\u043e, \u043f\u0440\u0438\u0449\u0435\u043c\u043b\u044f\u044e \u043a\u043e\u043c\u0443-\u043d\u0438\u0431\u0443\u0434\u044c \u043f\u0430\u043b\u044c\u0446\u044b.", "author": 104, "score": 3, "pub_date": "2022-07-12T13:33:54.980Z"}}, {"model": "reviews.review", "pk": 6, "fields": {"title": 5, "text": "\u0412\u0441\u0451, \u043a\u0430\u043a \u0432 \u0440\u0430\u0437\u043d\u044b\u0445 \u044f\u0437\u044b\u043a\u0430\u0445 \u043f\u0440\u043e\u0433\u0440\u0430\u043c\u043c\u0438\u0440\u043e\u0432\u0430\u043d\u0438\u044f! \u0412 \u043e\u0441\u043d\u043e\u0432\u043d\u043e\u043c \u2014 \u043f\u043e\u0445\u043e\u0436\u0435, \u043d\u043e \u0432\u043e\u0442 \u044d\u0442\u0438 \u043c\u0430\u043b\u0435\u043d\u044c\u043a\u0438\u0435 \u0440\u0430\u0437\u043b\u0438\u0447\u0438\u044f \u0432\u044b\u0432\u043e\u0434\u044f\u0442 \u0438\u0437 \u0441\u0435\u0431\u044f. \n\u0412\u0435\u043b\u0438\u043a\u0438\u0439 \u0444\u0438\u043b\u044c\u043c \u043d\u0430 \u0432\u0441\u0435 \u0441\u043b\u0443\u0447\u0430\u0438 \u0436\u0438\u0437\u043d\u0438!\n=====================================================\n\u2014 \u0410 \u0437\u043d\u0430\u0435\u0448\u044c, \u043a\u0430\u043a \u0432 \u041f\u0430\u0440\u0438\u0436\u0435 \u043d\u0430\u0437\u044b\u0432\u0430\u044e\u0442 \u0447\u0435\u0442\u0432\u0435\u0440\u0442\u044c\u0444\u0443\u043d\u0442\u043e\u0432\u044b\u0439 \u0447\u0438\u0437\u0431\u0443\u0440\u0433\u0435\u0440?\n\u2014 \u0427\u0442\u043e, \u043e\u043d\u0438 \u043d\u0435 \u0437\u043e\u0432\u0443\u0442 \u0435\u0433\u043e \u0447\u0435\u0442\u0432\u0435\u0440\u0442\u044c\u0444\u0443\u043d\u0442\u043e\u0432\u044b\u0439 \u0447\u0438\u0437\u0431\u0443\u0440\u0433\u0435\u0440?\n\u2014 \u0423 \u043d\u0438\u0445 \u0442\u0430\u043c \u043c\u0435\u0442\u0440\u0438\u0447\u0435\u0441\u043a\u0430\u044f \u0441\u0438\u0441\u0442\u0435\u043c\u0430. \u041e\u043d\u0438 \u0432\u043e\u043e\u0431\u0449\u0435 \u0442\u0430\u043c \u043d\u0435 \u043f\u043e\u043d\u0438\u043c\u0430\u044e\u0442, \u0447\u0442\u043e \u0437\u0430 \u0445\u0440\u0435\u043d \u0447\u0435\u0442\u0432\u0435\u0440\u0442\u044c \u0444\u0443\u043d\u0442\u0430.\n\u2014 \u0418 \u043a\u0430\u043a \u043e\u043d\u0438 \u0435\u0433\u043e \u0437\u043e\u0432\u0443\u0442?\n\u2014 \u041e\u043d\u0438 \u0437\u043e\u0432\u0443\u0442 \u0435\u0433\u043e \u00ab\u0420\u043e\u044f\u043b \u0447\u0438\u0437\u0431\u0443\u0440\u0433\u0435\u0440\u00bb.\n\u2014 \u00ab\u0420\u043e\u044f\u043b \u0447\u0438\u0437\u0431\u0443\u0440\u0433\u0435\u0440\u00bb? \u0410 \u043a\u0430\u043a \u0436\u0435 \u0442\u043e\u0433\u0434\u0430 \u043e\u043d\u0438 \u0437\u043e\u0432\u0443\u0442 \u00ab\u0411\u0438\u0433 \u041c\u0430\u043a\u00bb?\n\u2014 \u00ab\u0411\u0438\u0433 \u041c\u0430\u043a\u00bb \u044d\u0442\u043e \u00ab\u0411\u0438\u0433 \u041c\u0430\u043a\u00bb, \u0442\u043e\u043b\u044c\u043a\u043e \u043e\u043d\u0438 \u043d\u0430\u0437\u044b\u0432\u0430\u044e\u0442 \u0435\u0433\u043e \u00ab\u041b\u0451 \u0411\u0438\u0433 \u041c\u0430\u043a\u00bb.", "author": 100, "score": 8, "pub_date": "2022-07-12T13:33:54.981Z"}}, {"model": "reviews.review", "pk": 7, "fields": {"title": 5, "text": "\u041d\u0438\u0447\u0435\u0433\u043e \u043d\u0435 \u043f\u043e\u043d\u044f\u0442\u043d\u043e. \u041e\u043d\u0438 \u0442\u0430\u043c \u0447\u0442\u043e, \u0441\u0442\u0440\u0430\u043d\u0438\u0446\u044b \u0441\u0446\u0435\u043d\u0430\u0440\u0438\u044f \u043f\u0435\u0440\u0435\u043f\u0443\u0442\u0430\u043b\u0438? \u0415\u0433\u043e \u0441\u043f\u0435\u0440\u0432\u0430 \u0443\u0431\u0438\u043b\u0438, \u0430 \u043f\u043e\u0442\u043e\u043c \u043e\u043d \u043e\u043f\u044f\u0442\u044c \u0436\u0438\u0432, \u0430 \u043e\u043d\u0438 \u0441\u043f\u0435\u0440\u0432\u0430 \u0432 \u0444\u0443\u0442\u0431\u043e\u043b\u043a\u0430\u0445, \u043f\u043e\u0442\u043e\u043c \u0432 \u043a\u043e\u0441\u0442\u044e\u043c\u0430\u0445, \u0430 \u043f\u043e\u0442\u043e\u043c \u043e\u043f\u044f\u0442\u044c \u0432 \u0444\u0443\u0442\u0431\u043e\u043b\u043a\u0430\u0445. \u0415\u0440\u0443\u043d\u0434\u0430 \u043f\u043e\u043b\u043d\u0430\u044f", "author": 101, "score": 1, "pub_date": "2022-07-12T13:33:54.981Z"}}, {"model": "reviews.review", "pk": 8, "fields": {"title": 5, "text": "\u041e\u0447\u0435\u043d\u044c \u043f\u043e\u0443\u0447\u0438\u0442\u0435\u043b\u044c\u043d\u044b\u0439 \u0444\u0438\u043b\u044c\u043c \u043e \u0442\u043e\u043c, \u0447\u0442\u043e \u0442\u0430\u043a\u043e\u0435 \u0445\u043e\u0440\u043e\u0448\u043e, \u0447\u0442\u043e \u0442\u0430\u043a\u043e\u0435 \u043f\u043b\u043e\u0445\u043e \u0438 \u043f\u043e\u0447\u0435\u043c\u0443 \u043d\u0435 \u043d\u0430\u0434\u043e \u0447\u0438\u0442\u0430\u0442\u044c \u0432 \u0442\u0443\u0430\u043b\u0435\u0442\u0435.\n\u0422\u0432\u0435\u0440\u0434\u0430\u044f \u0432\u043e\u0441\u044c\u043c\u0451\u0440\u043a\u0430", "author": 102, "score": 8, "pub_date": "2022-07-12T13:33:54.981Z"}}, {"model": "reviews.review", "pk": 9, "fields": {"title": 6, "text": "\u041f\u043e\u0441\u043c\u043e\u0442\u0440\u0435\u043b \u0444\u0438\u043b\u044c\u043c. \n\u2014 \u041d\u0430 \u0441\u0432\u0435\u0442\u0435 \u0435\u0441\u0442\u044c \u0434\u0432\u0430 \u0442\u0438\u043f\u0430 \u043b\u044e\u0434\u0435\u0439: \u0442\u0435, \u043a\u0442\u043e \u043a\u043e\u043f\u0430\u0435\u0442 \u0438 \u0442\u0435, \u0443 \u043a\u043e\u0433\u043e \u0437\u0430\u0440\u044f\u0436\u0435\u043d \u0440\u0435\u0432\u043e\u043b\u044c\u0432\u0435\u0440.\n\u041f\u043e\u0439\u0434\u0443 \u043a\u043e\u043f\u0430\u0442\u044c, \u043a\u0430\u043a \u0432\u0435\u043b\u0435\u043b \u041a\u043b\u0438\u043d\u0442. \n\u0414\u0435\u0432\u044f\u0442\u044c \u0431\u0430\u043b\u043b\u043e\u0432.", "author": 103, "score": 9, "pub_date": "2022-07-12T13:33:54.981Z"}}, {"model": "reviews.review", "pk": 10, "fields": {"title": 6, "text": "\u0412\u0435\u0447\u043d\u0430\u044f \u043f\u0440\u043e\u0431\u043b\u0435\u043c\u0430 \u0432\u0441\u0435\u0445 \u0437\u043b\u043e\u0434\u0435\u0435\u0432, \u0431\u043e\u043b\u0442\u0430\u044e\u0449\u0438\u0445-\u0431\u043e\u043b\u0442\u0430\u044e\u0449\u0438\u0445-\u0431\u043e\u043b\u0442\u0430\u044e\u0449\u0438\u0445 \u0432\u043c\u0435\u0441\u0442\u043e \u0442\u043e\u0433\u043e, \u0447\u0442\u043e\u0431\u044b \u043f\u0440\u043e\u0441\u0442\u043e \u0437\u0430\u0441\u0442\u0440\u0435\u043b\u0438\u0442\u044c \u043f\u0440\u043e\u0442\u0438\u0432\u043d\u0438\u043a\u0430, \u043e\u0434\u043d\u0438\u043c \u043c\u0430\u0445\u043e\u043c \u0440\u0435\u0448\u0435\u043d\u0430 \u0432 \u044d\u0442\u043e\u0439 \u0441\u0446\u0435\u043d\u0435.\n\u0417\u0430 \u043e\u0434\u043d\u043e \u044d\u0442\u043e \u0444\u0438\u043b\u044c\u043c \u0437\u0430\u0441\u043b\u0443\u0436\u0438\u0432\u0430\u0435\u0442 \u0432\u044b\u0441\u0448\u0435\u0433\u043e \u0431\u0430\u043b\u043b\u0430\n\"\u041f\u0440\u0438\u0448\u0435\u043b \u0441\u0442\u0440\u0435\u043b\u044f\u0442\u044c - \u0441\u0442\u0440\u0435\u043b\u044f\u0439, \u0430 \u043d\u0435 \u0431\u043e\u043b\u0442\u0430\u0439!\"", "author": 104, "score": 10, "pub_date": "2022-07-12T13:33:54.981Z"}}, {"model": "reviews.review", "pk": 12, "fields": {"title": 14, "text": "\u041d\u0435\u0434\u0430\u0432\u043d\u043e \u0438\u043c\u0435\u043d\u043d\u043e \u0442\u0430\u043a \u044f \u0438\u0437\u043e\u0431\u0440\u0451\u043b \u0432\u0435\u0447\u043d\u044b\u0439 \u0434\u0432\u0438\u0433\u0430\u0442\u0435\u043b\u044c! \u0427\u0438\u0441\u0442\u0430\u044f \u043f\u0440\u0430\u0432\u0434\u0430 \u0432 \u0444\u0438\u043b\u044c\u043c\u0435, \u043f\u043e\u0447\u0435\u043c\u0443 \u043e\u043d \u043d\u0430\u0437\u0432\u0430\u043d \"\u0444\u0430\u043d\u0442\u0430\u0441\u0442\u0438\u043a\u043e\u0439\", \u044d\u0442\u043e \u0436\u0435 \u043f\u043e\u043b\u043d\u0435\u0439\u0448\u0438\u0439 \u0440\u0435\u0430\u043b\u0438\u0437\u043c!\n\u0412\u043e\u0442 \u0446\u0438\u0442\u0430\u0442\u0430. \u041d\u043e \u0437\u0430\u0447\u0435\u043c \u0435\u043c\u0443 \u0447\u0430\u0441\u044b \u0432 \u0443\u0431\u043e\u0440\u043d\u043e\u0439?!\n\u2014 \u0412 \u0442\u043e\u0442 \u0434\u0435\u043d\u044c \u044f \u0438\u0437\u043e\u0431\u0440\u0451\u043b \u043f\u0443\u0442\u0435\u0448\u0435\u0441\u0442\u0432\u0438\u0435 \u0432\u043e \u0432\u0440\u0435\u043c\u0435\u043d\u0438! \u041a\u0430\u043a \u0441\u0435\u0439\u0447\u0430\u0441 \u043f\u043e\u043c\u043d\u044e\u2026 \u042f \u0441\u0442\u043e\u044f\u043b \u043d\u0430 \u0443\u043d\u0438\u0442\u0430\u0437\u0435 \u0438 \u0432\u0435\u0448\u0430\u043b \u0447\u0430\u0441\u044b. \u0412\u0434\u0440\u0443\u0433 \u043f\u043e\u0434\u0441\u043a\u043e\u043b\u044c\u0437\u043d\u0443\u043b\u0441\u044f, \u0443\u0434\u0430\u0440\u0438\u043b\u0441\u044f \u0433\u043e\u043b\u043e\u0432\u043e\u0439 \u043e \u0440\u0430\u043a\u043e\u0432\u0438\u043d\u0443", "author": 101, "score": 8, "pub_date": "2022-07-12T13:33:54.981Z"}}, {"model": "reviews.review", "pk": 13, "fields": {"title": 14, "text": "\u0412\u0435\u043b\u0438\u043a\u0438\u0439 \u0444\u0438\u043b\u044c\u043c, \u0436\u0430\u043b\u044c \u0442\u043e\u043b\u044c\u043a\u043e, \u0447\u0442\u043e \u0431\u0443\u0434\u0443\u0449\u0435\u0435, \u043a\u043e\u0442\u043e\u0440\u043e\u0435 \u0432 \u043d\u0451\u043c \u043f\u043e\u043a\u0430\u0437\u0430\u043d\u043e, \u0443\u0436\u0435 \u0432 \u043f\u0440\u043e\u0448\u043b\u043e\u043c. \u041d\u043e \u043f\u0440\u043e\u0431\u043b\u0435\u043c\u044b \u0432\u0441\u0451 \u0442\u0435\u0436\u0435, \u0432\u043e\u0442 \u043a\u0430\u043a \u044d\u0442\u0430, \u043d\u0430\u043f\u0440\u0438\u043c\u0435\u0440: \u00ab\u0414\u043e\u043a, \u043f\u043e\u0441\u043b\u0443\u0448\u0430\u0439, \u0432\u0441\u0451, \u0447\u0442\u043e \u043d\u0430\u043c \u043d\u0443\u0436\u043d\u043e \u2014 \u044d\u0442\u043e \u043d\u0435\u043c\u043d\u043e\u0433\u043e \u043f\u043b\u0443\u0442\u043e\u043d\u0438\u044f!\u00bb\n\u0412\u0441\u0435\u0433\u0434\u0430 \u043d\u0435 \u0445\u0432\u0430\u0442\u0430\u0435\u0442 \u043a\u0430\u043a\u043e\u0439-\u043d\u0438\u0431\u0443\u0434\u044c \u043c\u0435\u043b\u043e\u0447\u0438. \u0421\u0435\u043c\u0451\u0440\u043a\u0430 \u0437\u0430 \u0442\u043e, \u0447\u0442\u043e \u0431\u0443\u0434\u0443\u0449\u0435\u0435 \u043e\u043a\u0430\u0437\u0430\u043b\u043e\u0441\u044c \u043d\u0435 \u0442\u0430\u043a\u0438\u043c, \u043a\u0430\u043a \u043e\u0431\u0435\u0449\u0430\u043b\u0438.", "author": 102, "score": 7, "pub_date": "2022-07-12T13:33:54.981Z"}}, {"model": "reviews.review", "pk": 14, "fields": {"title": 14, "text": "\u0411\u0443\u0434\u0443\u0449\u0435\u0435 \u0432\u044b\u0433\u043b\u044f\u0434\u0438\u0442 \u0441\u0442\u0440\u0430\u043d\u043d\u043e \u0438 \u043d\u0435\u043e\u0436\u0438\u0434\u0430\u043d\u043d\u043e, \u0442\u043e\u0436\u0435 \u043c\u043d\u0435, \u0431\u0438\u043d\u043e\u043c \u041d\u044c\u044e\u0442\u043e\u043d\u0430. \u041d\u043e \u0434\u0438\u0430\u043b\u043e\u0433 \u043f\u0440\u0435\u043a\u0440\u0430\u0441\u0435\u043d, \u0438 \u0437\u0430 \u044d\u0442\u043e \u043d\u0435 \u0441\u0442\u0430\u043d\u0443 \u0441\u0438\u043b\u044c\u043d\u043e \u043c\u0438\u043d\u0443\u0441\u043e\u0432\u0430\u0442\u044c.\n-- Then tell me, future boy, who President of the United States in 1985?\n-- Ronald Reagan.\n-- Ronald Reagan? The actor? Then whos vice president? Jerry Lewis?", "author": 103, "score": 4, "pub_date": "2022-07-12T13:33:54.981Z"}}, {"model": "reviews.review", "pk": 15, "fields": {"title": 17, "text": "\u041d\u0435\u0443\u0436\u0435\u043b\u0438 \u0438\u0437 \u0442\u044e\u0440\u044c\u043c\u044b \u0442\u0430\u043a \u043b\u0435\u0433\u043a\u043e \u0431\u044b\u043b\u043e \u0441\u0431\u0435\u0436\u0430\u0442\u044c? \u0420\u0430\u0437 - \u0438 \u0442\u044b \u043d\u0430 \u0441\u0432\u043e\u0431\u043e\u0434\u0435. \u0414\u0430, \u043f\u043e\u0431\u0435\u0433 \u0438\u0437 \u0428\u043e\u0443\u0448\u0435\u043d\u043a\u0430 \u043f\u0440\u0438\u0448\u043b\u043e\u0441\u044c \u0433\u043e\u0442\u043e\u0432\u0438\u0442\u044c \u043d\u0435\u043c\u043d\u043e\u0433\u043e \u0434\u043e\u043b\u044c\u0448\u0435. \u041f\u044f\u0442\u044c \u0437\u0430 \u0441\u043e\u0446\u0440\u0435\u0430\u043b\u0438\u0437\u043c", "author": 104, "score": 5, "pub_date": "2022-07-12T13:33:54.981Z"}}, {"model": "reviews.review", "pk": 16, "fields": {"title": 3, "text": "\u0421\u0445\u043e\u0434\u0438\u043b\u0430 \u0432 \u043a\u0438\u043d\u043e, \u0440\u0435\u0448\u0438\u043b\u0430 \u043d\u0430\u043f\u0438\u0441\u0430\u0442\u044c: \u0434\u0440\u0430\u0439\u0432 \u0438 \u043e\u0433\u043e\u043d\u044c, \u043d\u043e \u0438\u043d\u043e\u0433\u0434\u0430 \u043a\u0430\u043a\u043e\u0439-\u0442\u043e \u0431\u0440\u0435\u0434 \u043d\u0430 \u044d\u043a\u0440\u0430\u043d\u0435. \u0412 \u0441\u0435\u0440\u0435\u0434\u0438\u043d\u0435 \u0444\u0438\u043b\u044c\u043c\u0430 \u043f\u0440\u043e\u0441\u0442\u043e \u043e\u0442\u043b\u0438\u0447\u043d\u044b\u0435 \u0434\u0438\u0430\u043b\u043e\u0433\u0438! \u041f\u0443\u0441\u0442\u044c \u0431\u0443\u0434\u0435\u0442 7", "author": 100, "score": 7, "pub_date": "2022-07-12T13:33:54.980Z"}}, {"model": "reviews.review", "pk": 17, "fields": {"title": 3, "text": "\u0421\u043c\u043e\u0442\u0440\u0435\u043b, \u043d\u0435 \u043e\u0442\u0440\u044b\u0432\u0430\u044f\u0441\u044c, \u0445\u043e\u0447\u0443 \u043e\u043f\u0438\u0441\u0430\u0442\u044c \u0441\u0432\u043e\u0438 \u0432\u043f\u0435\u0447\u0430\u0442\u043b\u0435\u043d\u0438\u044f. \u041f\u043e \u043c\u043e\u0435\u043c\u0443 \u043c\u043d\u0435\u043d\u0438\u044e, \u0441\u0446\u0435\u043d\u0430\u0440\u0438\u0439 \u043f\u043e\u0434\u043a\u0430\u0447\u0430\u043b, \u0437\u0430\u0442\u043e \u043f\u043e\u0434\u0431\u043e\u0440 \u0430\u043a\u0442\u0451\u0440\u043e\u0432 - \u0441\u0443\u043f\u0435\u0440. \u041d\u0430\u0447\u0430\u043b\u043e \u043d\u0435\u043c\u043d\u043e\u0433\u043e \u0437\u0430\u0442\u044f\u043d\u0443\u0442\u043e. \u041e\u043f\u0435\u0440\u0430\u0442\u043e\u0440\u0443 - \u041e\u0441\u043a\u0430\u0440\u0430! \u0412\u0441\u0451 \u043e\u0441\u0442\u0430\u043b\u044c\u043d\u043e\u0435 - \u043d\u0435 \u043e\u0447\u0435\u043d\u044c. \u0424\u0438\u043b\u044c\u043c \u0442\u044f\u043d\u0435\u0442 \u043d\u0430 8 \u0438\u0437 10", "author": 101, "score": 8, "pub_date": "2022-07-12T13:33:54.980Z"}}, {"model": "reviews.review", "pk": 18, "fields": {"title": 4, "text": "\u0421\u043a\u0430\u0447\u0430\u043b, \u043f\u043e\u0441\u043c\u043e\u0442\u0440\u0435\u043b, \u0434\u0443\u043c\u0430\u044e, \u0447\u0442\u043e \u0430\u043a\u0442\u0451\u0440\u044b \u0442\u0430\u043a \u0441\u0435\u0431\u0435, \u0441\u0446\u0435\u043d\u0430\u0440\u0438\u0439 \u0445\u043e\u0440\u043e\u0448\u0438\u0439. \u0414\u0438\u0430\u043b\u043e\u0433\u0438 \u043f\u0440\u0435\u043a\u0440\u0430\u0441\u043d\u044b\u0435, \u0442\u0430\u043a \u0447\u0442\u043e \u043f\u0443\u0441\u0442\u044c \u0431\u0443\u0434\u0435\u0442 \u0432\u043e\u0441\u0435\u043c\u044c \u0437\u0432\u0435\u0437\u0434", "author": 102, "score": 8, "pub_date": "2022-07-12T13:33:54.980Z"}}, {"model": "reviews.review", "pk": 19, "fields": {"title": 4, "text": "\u041f\u043e\u0441\u043c\u043e\u0442\u0440\u0435\u043b. \u041f\u043e \u043c\u043e\u0435\u043c\u0443 \u043c\u043d\u0435\u043d\u0438\u044e, \u0430\u043a\u0442\u0451\u0440\u044b \u0442\u0430\u043a \u0441\u0435\u0431\u0435, \u043d\u043e \u0441\u0446\u0435\u043d\u0430\u0440\u0438\u0439 \u0445\u043e\u0440\u043e\u0448\u0438\u0439. \u041f\u0435\u0440\u0432\u0443\u044e \u043f\u043e\u043b\u043e\u0432\u0438\u043d\u0443 \u0444\u0438\u043b\u044c\u043c\u0430 \u043c\u043e\u0436\u043d\u043e \u0441\u043f\u0430\u0442\u044c, \u043d\u0435 \u043e\u043f\u0430\u0441\u0430\u044f\u0441\u044c, \u0447\u0442\u043e \u0447\u0442\u043e-\u0442\u043e \u043f\u0440\u043e\u043f\u0443\u0441\u0442\u0438\u0448\u044c. \u041d\u0435 \u0440\u0430\u0437\u0434\u0443\u043c\u044b\u0432\u0430\u044f, \u0441\u0442\u0430\u0432\u043b\u044e \u0443\u0432\u0435\u0440\u0435\u043d\u043d\u0443\u044e \u0434\u0435\u0441\u044f\u0442\u043a\u0443", "author": 103, "score": 10, "pub_date": "2022-07-12T13:33:54.981Z"}}, {"model": "reviews.review", "pk": 20, "fields": {"title": 7, "text": "\u0421\u043a\u0430\u0436\u0443 \u0442\u0435\u043c, \u043a\u0442\u043e \u0435\u0449\u0451 \u043d\u0435 \u0441\u043c\u043e\u0442\u0440\u0435\u043b: \u0435\u0441\u043b\u0438 \u0431\u044b \u044f \u0431\u044b\u043b \u0440\u0435\u0436\u0438\u0441\u0441\u0451\u0440\u043e\u043c \u044d\u0442\u043e\u0433\u043e \u0444\u0438\u043b\u044c\u043c\u0430 - \u044f \u0431\u044b \u043d\u0435 \u0433\u043e\u0440\u0434\u0438\u043b\u0441\u044f. \u041e\u043f\u0435\u0440\u0430\u0442\u043e\u0440\u0430 \u0443\u0432\u043e\u043b\u0438\u0442\u044c, \u0444\u0438\u043b\u044c\u043c \u043f\u043e\u043b\u0443\u0447\u0438\u043b\u0441\u044f \u0442\u0430\u043a \u0441\u0435\u0431\u0435, \u043d\u043e \u043e\u0434\u0438\u043d \u0440\u0430\u0437 \u043f\u043e\u0441\u043c\u043e\u0442\u0440\u0435\u0442\u044c - \u0441\u043e\u0439\u0434\u0451\u0442. \u0410\u0432\u0442\u043e\u0440\u044b \u0447\u0435\u0441\u0442\u043d\u043e \u0437\u0430\u0441\u043b\u0443\u0436\u0438\u043b\u0438 5 \u0438\u0437 10", "author": 104, "score": 5, "pub_date": "2022-07-12T13:33:54.981Z"}}, {"model": "reviews.review", "pk": 21, "fields": {"title": 7, "text": "\u0421\u043a\u0430\u0447\u0430\u043b, \u043f\u043e\u0441\u043c\u043e\u0442\u0440\u0435\u043b, \u0434\u0443\u043c\u0430\u044e, \u0447\u0442\u043e \u0441\u0446\u0435\u043d\u0430\u0440\u0438\u0439 \u043f\u043e\u0434\u043a\u0430\u0447\u0430\u043b, \u0437\u0430\u0442\u043e \u043f\u043e\u0434\u0431\u043e\u0440 \u0430\u043a\u0442\u0451\u0440\u043e\u0432 - \u0441\u0443\u043f\u0435\u0440. \u041d\u0430\u0447\u0430\u043b\u043e \u043d\u0435\u043c\u043d\u043e\u0433\u043e \u0437\u0430\u0442\u044f\u043d\u0443\u0442\u043e, \u0434\u0430 \u0438 \u0432\u043e\u043e\u0431\u0449\u0435 \u043d\u0435 \u043e\u0447\u0435\u043d\u044c. \u0424\u0438\u043b\u044c\u043c \u0435\u0434\u0432\u0430 \u0442\u044f\u043d\u0435\u0442 \u043d\u0430 4", "author": 100, "score": 4, "pub_date": "2022-07-12T13:33:54.981Z"}}, {"model": "reviews.review", "pk": 22, "fields": {"title": 8, "text": "\u041c\u043d\u0435 \u043a\u0430\u0436\u0435\u0442\u0441\u044f, \u0447\u0442\u043e \u044f \u0432\u043f\u0443\u0441\u0442\u0443\u044e \u043f\u043e\u0442\u0435\u0440\u044f\u043b \u0432\u0440\u0435\u043c\u044f. \u0421\u0442\u0430\u0432\u043b\u044e 2", "author": 101, "score": 2, "pub_date": "2022-07-12T13:33:54.981Z"}}, {"model": "reviews.review", "pk": 23, "fields": {"title": 8, "text": "\u041f\u043e\u0441\u043c\u043e\u0442\u0440\u0435\u043b\u0430. \u0410\u043a\u0442\u0451\u0440\u044b \u0442\u0430\u043a \u0441\u0435\u0431\u0435, \u0441\u0446\u0435\u043d\u0430\u0440\u0438\u0439 \u0445\u043e\u0440\u043e\u0448\u0438\u0439. \u0423\u0441\u043d\u0443\u043b\u0430 \u043a \u0441\u0435\u0440\u0435\u0434\u0438\u043d\u0435. \u041d\u0435 \u0440\u0430\u0437\u0434\u0443\u043c\u044b\u0432\u0430\u044f, \u0441\u0442\u0430\u0432\u043b\u044e \u0434\u0432\u043e\u0439\u043a\u0443 ", "author": 102, "score": 2, "pub_date": "2022-07-12T13:33:54.981Z"}}, {"model": "reviews.review", "pk": 24, "fields": {"title": 9, "text": "\u0412\u0441\u0435 \u043e\u0447\u0435\u043d\u044c \u0434\u043e\u043b\u0433\u043e \u0436\u0434\u0430\u043b\u0438 \u043f\u0440\u0435\u043c\u044c\u0435\u0440\u0443 \u0444\u0438\u043b\u044c\u043c\u0430,\u0438 \u043d\u0430\u043a\u043e\u043d\u0435\u0446 \u0434\u043e\u0436\u0434\u0430\u043b\u0438\u0441\u044c.\u0424\u0438\u043b\u044c\u043c \u043e\u0442\u043b\u0438\u0447\u043d\u044b\u0439,\u0434\u043e\u0431\u0440\u044b\u0439,\u0441\u043c\u043e\u0442\u0440\u0438\u0442\u0441\u044f \u043f\u043e\u0447\u0442\u0438 \u043d\u0430 \u043e\u0434\u043d\u043e\u043c \u0434\u044b\u0445\u0430\u043d\u0438\u0438,\u0441 \u0437\u0430\u0432\u044f\u0437\u0430\u043d\u043d\u044b\u043c \u0441\u044e\u0436\u0435\u0442\u043e\u043c \u0438 \u043d\u0435 \u043c\u0435\u043d\u0435\u0435 \u043a\u0440\u0443\u0442\u043e\u0439 \u043c\u0443\u0437\u044b\u043a\u043e\u0439.\u041a\u0438\u043d\u043e \u043e\u0447\u0435\u043d\u044c \u043f\u043e\u043d\u0440\u0430\u0432\u0438\u043b\u043e\u0441\u044c!!!\u0412\u0441\u0435\u043c \u0441\u043e\u0432\u0435\u0442\u0443\u044e.", "author": 103, "score": 10, "pub_date": "2022-07-12T13:33:54.981Z"}}, {"model": "reviews.review", "pk": 25, "fields": {"title": 9, "text": "\u041e\u0442\u0441\u0442\u043e\u0439-\u0444\u0438\u043b\u044c\u043c. \u041d\u0435 \u0445\u043e\u0434\u0438\u0442\u0435", "author": 104, "score": 1, "pub_date": "2022-07-12T13:33:54.981Z"}}, {"model": "reviews.review", "pk": 26, "fields": {"title": 9, "text": "\u0414\u043b\u044f \u043b\u044e\u0434\u0435\u0439, \u043a\u043e\u0442\u043e\u0440\u044b\u0435 \u0445\u043e\u0442\u044f\u0442 \u043f\u043e\u0441\u043c\u0435\u044f\u0442\u044c\u0441\u044f \u0438 \u043f\u043e\u043b\u0443\u0447\u0438\u0442\u044c \u043c\u043e\u0440\u0435 \u044d\u043c\u043e\u0446\u0438\u0439, \u0442\u043e\u0442 \u0441\u0430\u043c\u044b\u0439 \u0444\u0438\u043b\u044c\u043c. \u041c\u043d\u0435 \u043e\u0447\u0435\u043d\u044c \u043f\u043e\u043d\u0440\u0430\u0432\u0438\u043b\u0441\u044f.", "author": 100, "score": 10, "pub_date": "2022-07-12T13:33:54.981Z"}}, {"model": "reviews.review", "pk": 27, "fields": {"title": 10, "text": "\u041f\u0435\u0440\u0432\u044b\u0439 \u0440\u0430\u0437 \u0432 \u0436\u0438\u0437\u043d\u0438 \u0440\u0435\u0448\u0438\u043b\u0430 \u043d\u0430\u043f\u0438\u0441\u0430\u0442\u044c \u043e\u0442\u0437\u044b\u0432,\u0447\u0442\u043e\u0431\u044b \u043f\u0440\u0435\u0434\u043e\u0441\u0442\u0435\u0440\u0435\u0447\u044c \u043e\u0442 \u043f\u043e\u0442\u0435\u0440\u0438 \u0434\u0435\u043d\u0435\u0433 \u043d\u0430 \u0431\u0438\u043b\u0435\u0442 \u0438 \u0442\u0440\u0430\u0442\u044b \u0432\u0440\u0435\u043c\u0435\u043d\u0438 \u043d\u0430 \u043f\u0440\u043e\u0441\u043c\u043e\u0442\u0440. \u041a \u0438\u0433\u0440\u0435 \u0430\u043a\u0442\u0435\u0440\u043e\u0432 \u043f\u0440\u0435\u0442\u0435\u043d\u0437\u0438\u0439 \u043d\u0435\u0442", "author": 101, "score": 2, "pub_date": "2022-07-12T13:33:54.981Z"}}, {"model": "reviews.review", "pk": 28, "fields": {"title": 10, "text": "2 \u0447\u0430\u0441\u0430 \u0441\u043c\u043e\u0442\u0440\u044f\u0442\u0441\u044f \u043d\u0430 \u043e\u0434\u043d\u043e\u043c \u0434\u044b\u0445\u0430\u043d\u0438\u0438. \u0421\u043f\u0435\u0446\u044d\u0444\u0444\u0435\u043a\u0442\u044b \u043d\u0430 \u0443\u0440\u043e\u0432\u043d\u0435 \u0444\u0438\u043b\u044c\u043c\u043e\u0432 \u041c\u0430\u0440\u0432\u0435\u043b\u0430. \u0421\u043c\u043e\u0442\u0440\u0435\u043b\u0438 \u0432\u0441\u0435\u0439 \u0441\u0435\u043c\u044c\u0435\u0439. \u041f\u043e\u0441\u043c\u043e\u0442\u0440\u0435\u043b \u043d\u0435\u0441\u043a\u043e\u043b\u044c\u043a\u043e \u043e\u0442\u0437\u044b\u0432\u043e\u0432, \u043f\u043e\u043d\u044f\u043b , \u0447\u0442\u043e \u0444\u0438\u043b\u044c\u043c \u0441\u0442\u043e\u0438\u0442 \u043f\u043e\u0441\u043c\u043e\u0442\u0440\u0435\u0442\u044c", "author": 102, "score": 10, "pub_date": "2022-07-12T13:33:54.981Z"}}, {"model": "reviews.review", "pk": 29, "fields": {"title": 11, "text": "\u0414\u0435\u0439\u0441\u0442\u0432\u0438\u044f \u043f\u0435\u0440\u0441\u043e\u043d\u0430\u0436\u0435\u0439 \u0432\u044b\u0437\u044b\u0432\u0430\u044e\u0442 \u043f\u043e\u0441\u0442\u043e\u044f\u043d\u043d\u044b\u0439 \u0432\u043e\u043f\u0440\u043e\u0441\u044b - \u0447\u0442\u043e \u0438 \u0437\u0430\u0447\u0435\u043c \u043e\u043d\u0438 \u044d\u0442\u043e \u0434\u0435\u043b\u0430\u044e\u0442. \u041b\u043e\u0433\u0438\u043a\u0438 \u043f\u0440\u043e\u0441\u0442\u043e \u043d\u0435\u0442. \u041f\u043e\u0441\u043b\u0435 \u043f\u043e\u043b\u043e\u0432\u0438\u043d\u044b \u0444\u0438\u043b\u044c\u043c\u0430 \u0443\u0436\u0435 \u0445\u043e\u0447\u0435\u0442\u0441\u044f \u0443\u0439\u0442\u0438", "author": 103, "score": 1, "pub_date": "2022-07-12T13:33:54.981Z"}}, {"model": "reviews.review", "pk": 30, "fields": {"title": 11, "text": "\u041b\u0443\u0447\u0448\u0438\u0439 \u0444\u0438\u043b\u044c\u043c, \u043e\u0434\u043d\u043e\u0437\u043d\u0430\u0447\u043d\u043e. \u0428\u0435\u0434\u0435\u0432\u0440. \u041d\u043e \u0441\u043b\u0435\u0434\u0443\u0435\u0442 \u043f\u043e\u043d\u0438\u043c\u0430\u0442\u044c, \u0447\u0442\u043e \u044d\u0442\u043e \u043d\u0435 \u043a\u0438\u043d\u043e \u043f\u043e\u0434 \u043f\u0438\u0432\u043e \u0434\u043b\u044f \u043c\u043e\u043b\u043e\u0434\u0435\u0436\u0438. \u0421\u0442\u0438\u043b\u044c\u043d\u043e \u0441\u043d\u044f\u0442\u043e, \u043d\u0430 \u043e\u0434\u043d\u043e\u043c \u0434\u044b\u0445\u0430\u043d\u0438\u0438\n\u0441\u043c\u043e\u0442\u0440\u0438\u0442\u0441\u044f, \u043f\u0435\u0440\u0441\u043e\u043d\u0430\u0436\u0438 \u0432\u0435\u043b\u0438\u043a\u043e\u043b\u0435\u043f\u043d\u044b", "author": 104, "score": 10, "pub_date": "2022-07-12T13:33:54.981Z"}}, {"model": "reviews.review", "pk": 31, "fields": {"title": 11, "text": "\u0422\u0443\u043f\u0435\u0435 \u043d\u0435 \u0432\u0438\u0434\u0435\u043b, \u0441\u043c\u043e\u0442\u0440\u0435\u0442\u044c \u043d\u0435 \u0438\u043d\u0442\u0435\u0440\u0435\u0441\u043d\u043e \u0441\u043a\u0443\u0447\u043d\u044f\u043a", "author": 100, "score": 1, "pub_date": "2022-07-12T13:33:54.981Z"}}, {"model": "reviews.review", "pk": 32, "fields": {"title": 12, "text": "\u0424\u0438\u043b\u044c\u043c \u0438\u043d\u0442\u0435\u0440\u0435\u0441\u043d\u044b\u0439,\u043d\u043e \u043d\u0435 \u0434\u043e\u0440\u0430\u0431\u043e\u0442\u0430\u043d\u043d\u044b\u0439.\u041e\u0441\u0442\u0440\u043e\u0442\u044b \u0441\u044e\u0436\u0435\u0442\u0430 \u043d\u0435 \u0445\u0432\u0430\u0442\u0430\u0435\u0442", "author": 101, "score": 8, "pub_date": "2022-07-12T13:33:54.981Z"}}, {"model": "reviews.review", "pk": 33, "fields": {"title": 12, "text": "\u0421\u0430\u043c\u0430\u044f \u0441\u0438\u043b\u044c\u043d\u0430\u044f \u043a\u0430\u0440\u0442\u0438\u043d\u0430 \u0437\u0430 \u043f\u043e\u0441\u043b\u0435\u0434\u043d\u0435\u0435 \u0432\u0440\u0435\u043c\u044f. \u0424\u0438\u043b\u044c\u043c \u0437\u0430\u0441\u0442\u0430\u0432\u043b\u044f\u0435\u0442 \u043f\u043b\u0430\u043a\u0430\u0442\u044c, \u0440\u0430\u0434\u043e\u0432\u0430\u0442\u044c\u0441\u044f, \u0433\u0440\u0443\u0441\u0442\u0438\u0442\u044c, \u0434\u0435\u0440\u0436\u0438\u0442 \u0432 \u043d\u0430\u043f\u0440\u044f\u0436\u0435\u043d\u0438\u0438", "author": 102, "score": 10, "pub_date": "2022-07-12T13:33:54.981Z"}}, {"model": "reviews.review", "pk": 34, "fields": {"title": 12, "text": "\u0421 \u043e\u0433\u0440\u043e\u043c\u043d\u044b\u043c \u0443\u0434\u043e\u0432\u043e\u043b\u044c\u0441\u0442\u0432\u0438\u0435\u043c \u0441\u0445\u043e\u0434\u0438\u043b\u0430 \u0432 \u043a\u0438\u043d\u043e\u0442\u0435\u0430\u0442\u0440. \u041e\u0434\u043d\u043e\u0440\u0430\u0437\u043e\u0432\u044b\u0435 \u0444\u0438\u043b\u044c\u043c\u044b, \u043d\u0430\u0437\u0432\u0430\u043d\u0438\u044f \u043a\u043e\u0442\u043e\u0440\u044b\u0445 \u0437\u0430\u0431\u044b\u0432\u0430\u0435\u0448\u044c \u043d\u0430 \u0432\u044b\u0445\u043e\u0434\u0435 \u0438\u0437 \u0434\u0432\u0435\u0440\u0435\u0439 \u043a\u0438\u043d\u043e\u0437\u0430\u043b\u0430, \u0440\u0430\u0437\u043e\u0447\u0430\u0440\u043e\u0432\u044b\u0432\u0430\u044e\u0442. \u0418 \u0432\u043e\u0442 \u043d\u0430\u0441\u0442\u043e\u044f\u0449\u0438\u0439, \u0434\u0443\u0448\u0435\u0432\u043d\u044b\u0439, \u0436\u0438\u0437\u043d\u0435\u043d\u043d\u044b\u0439 \u0444\u0438\u043b\u044c\u043c. \u0418\u0433\u0440\u0430 \u0430\u043a\u0442\u043e\u0440\u043e\u0432 \u0438 \u0441\u044e\u0436\u0435\u0442 \u0431\u043e\u043c\u0431\u0438\u0447\u0435\u0441\u043a\u0438\u0435.", "author": 103, "score": 9, "pub_date": "2022-07-12T13:33:54.981Z"}}, {"model": "reviews.review", "pk": 35, "fields": {"title": 13, "text": "\u0427\u0442\u043e \u0441\u043a\u0430\u0437\u0430\u0442\u044c \u043f\u043e\u0441\u043b\u0435 \u043f\u0440\u043e\u0441\u043c\u043e\u0442\u0440\u0430? \u041d\u0438\u0447\u0435\u0433\u043e. \u0422\u0430\u043a\u043e\u0435 \u043e\u0449\u0443\u0449\u0435\u043d\u0438\u0435, \u0447\u0442\u043e \u0442\u0435\u0431\u044f \u043e\u0431\u043c\u0430\u043d\u0443\u043b\u0438, \u0437\u0430\u0441\u0442\u0430\u0432\u0438\u043b\u0438 \u0441\u043c\u043e\u0442\u0440\u0435\u0442\u044c \u0437\u0430 \u0442\u0432\u043e\u0438 \u0434\u0435\u043d\u044c\u0433\u0438 \u043d\u0430 \u0441\u0442\u0435\u043d\u0443", "author": 104, "score": 1, "pub_date": "2022-07-12T13:33:54.981Z"}}, {"model": "reviews.review", "pk": 36, "fields": {"title": 13, "text": "\u0425\u043e\u0442\u0435\u043b\u043e\u0441\u044c \u0443\u0439\u0442\u0438 \u0443\u0436\u0435 \u043d\u0430 \u0434\u0432\u0430\u0434\u0446\u0430\u0442\u043e\u0439 \u043c\u0438\u043d\u0443\u0442\u0435. \u041d\u0435\u0438\u043d\u0442\u0435\u0440\u0435\u0441\u043d\u043e \u0438 \u043d\u0443\u0434\u043d\u043e. \u0420\u0435\u0436\u0438\u0441\u0441\u0443\u0440\u0430 \u043d\u0435 \u0432\u043f\u0435\u0447\u0430\u0442\u043b\u0438\u043b\u0430, \u043d\u0443 \u043f\u0440\u043e\u0441\u0442\u043e \u043d\u0435\u0438\u043d\u0442\u0435\u0440\u0435\u0441\u043d\u043e \u0441\u043c\u043e\u0442\u0440\u0435\u0442\u044c \u0431\u044b\u043b\u043e", "author": 100, "score": 2, "pub_date": "2022-07-12T13:33:54.981Z"}}, {"model": "reviews.review", "pk": 37, "fields": {"title": 13, "text": "\u0424\u0438\u043b\u044c\u043c \u0441\u0442\u043e\u0438\u0442 \u0443\u0432\u0438\u0434\u0435\u0442\u044c \u0442\u0435\u043c, \u043a\u043e\u043c\u0443 \u0438\u043d\u0442\u0435\u0440\u0435\u0441\u043d\u043e \u0441\u043e\u0432\u0440\u0435\u043c\u0435\u043d\u043d\u043e\u0435 \u043a\u0438\u043d\u043e. \u041d\u0435 \u0441\u043a\u0443\u0447\u043d\u043e, \u043d\u0435 \u0437\u0430\u0442\u044f\u043d\u0443\u0442\u043e, \u043f\u043e\u043d\u0440\u0430\u0432\u0438\u043b\u0430\u0441\u044c \u043e\u043f\u0435\u0440\u0430\u0442\u043e\u0440\u0441\u043a\u0430\u044f \u0440\u0430\u0431\u043e\u0442\u0430, \u043d\u0435\u043a\u043e\u0442\u043e\u0440\u044b\u0435 \u0441\u0446\u0435\u043d\u044b \u0441\u0434\u0435\u043b\u0430\u043d\u044b \u043d\u0430 \u0445\u043e\u0440\u043e\u0448\u0435\u043c \u0443\u0440\u043e\u0432\u043d\u0435", "author": 101, "score": 8, "pub_date": "2022-07-12T13:33:54.981Z"}}, {"model": "reviews.review", "pk": 38, "fields": {"title": 15, "text": "\u041c\u0443\u0442\u043e\u0440\u043d\u043e \u0438 \u0442\u044f\u0436\u0435\u043b\u043e. \u0421\u0442\u0430\u0432\u043b\u044e 2", "author": 102, "score": 2, "pub_date": "2022-07-12T13:33:54.981Z"}}, {"model": "reviews.review", "pk": 39, "fields": {"title": 15, "text": "\u0424\u0438\u043b\u044c\u043c \u043d\u0435 \u043e\u043f\u0440\u0430\u0432\u0434\u0430\u043b \u043e\u0436\u0438\u0434\u0430\u043d\u0438\u0439. \u0421\u043f\u043b\u043e\u0448\u043d\u0430\u044f \u043a\u0430\u0448\u0430, \u0441\u043b\u0430\u0431\u044b\u0439 \u0441\u0446\u0435\u043d\u0430\u0440\u0438\u0439. \u0421 \u0442\u0440\u0443\u0434\u043e\u043c \u0434\u043e\u0441\u043c\u043e\u0442\u0440\u0435\u043b\u0430 \u0434\u043e \u043a\u043e\u043d\u0446\u0430. \u041e\u0436\u0438\u0434\u0430\u043b\u0430 \u043d\u0435\u0447\u0442\u043e \u0442\u0430\u043a\u043e\u0433\u043e \u0438\u043d\u0442\u0435\u0440\u0435\u0441\u043d\u043e\u0433\u043e \u0438 \u0437\u0430\u0445\u0432\u0430\u0442\u044b\u0432\u0430\u044e\u0449\u0435\u0435. \u041f\u043e\u043b\u043d\u043e\u0435 \u0440\u0430\u0437\u043e\u0447\u0430\u0440\u043e\u0432\u0430\u043d\u0438\u0435. \u041e\u0442\u0434\u0435\u043b\u044c\u043d\u044b\u0435 \u043d\u0435\u0441\u0432\u044f\u0437\u043d\u044b\u0435 \u0441\u0446\u0435\u043d\u044b, \u043d\u0435\u043f\u043e\u043d\u044f\u0442\u043d\u044b\u0435 \u0434\u0438\u0430\u043b\u043e\u0433\u0438", "author": 103, "score": 3, "pub_date": "2022-07-12T13:33:54.981Z"}}, {"model": "reviews.review", "pk": 40, "fields": {"title": 15, "text": "\u041c\u043d\u0435 \u0444\u0438\u043b\u044c\u043c \u043f\u043e\u043d\u0440\u0430\u0432\u0438\u043b\u0441\u044f. \u0412\u0441\u0435 \u043a\u0430\u0447\u0435\u0441\u0442\u0432\u0435\u043d\u043d\u043e,\u043a\u0440\u0430\u0441\u0438\u0432\u043e. \u0418\u0433\u0440\u0430 \u0430\u043a\u0442\u0435\u0440\u043e\u0432, \u0432 \u043e\u0441\u043d\u043e\u0432\u043d\u043e\u043c, \u043e\u0447\u0435\u043d\u044c \u0434\u0430\u0436\u0435. \u041d\u043e \u0441\u043b\u0438\u0448\u043a\u043e\u043c \u043c\u043d\u043e\u0433\u043e, \u0434\u043b\u044f \u043c\u0435\u043d\u044f \u043a\u0440\u043e\u0432\u0430\u0432\u044b\u0445 \u0441\u0446\u0435\u043d,\u0441\u043b\u0430\u0431\u043e\u043d\u0435\u0440\u0432\u043d\u044b\u043c \u043f\u0440\u043e\u0441\u044c\u0431\u0430 \u043d\u0435 \u0441\u043c\u043e\u0442\u0440\u0435\u0442\u044c", "author": 104, "score": 9, "pub_date": "2022-07-12T13:33:54.981Z"}}, {"model": "reviews.review", "pk": 41, "fields": {"title": 16, "text": "\u0417\u0440\u044f \u043f\u043e\u0442\u0435\u0440\u044f\u043d\u043d\u043e\u0435 \u0432\u0440\u0435\u043c\u044f! \u042d\u043c\u043e\u0446\u0438\u0438 \u043f\u043e\u0441\u043b\u0435 \u043f\u0440\u043e\u0441\u043c\u043e\u0442\u0440\u0430, - \u0431\u0435\u0437\u044b\u0441\u0445\u043e\u0434\u043d\u043e\u0441\u0442\u044c, \u043d\u0438\u0447\u0435\u0433\u043e \u0443\u0436\u0435 \u043d\u0435 \u0438\u0437\u043c\u0435\u043d\u0438\u0448\u044c. \u0424\u0438\u043b\u044c\u043c \u0432\u043e\u043e\u0431\u0449\u0435 \u043d\u0438\u043a\u0430\u043a\u043e\u0439!!!\n\u0418 \u043f\u043e\u0441\u0442\u0430\u0432\u0438\u043b\u0438 \u0435\u0433\u043e \u043b\u044e\u0434\u0438 \u0431\u0435\u0437\u0434\u0430\u0440\u043d\u044b\u0435 \u0438 \u043d\u0438\u043a\u0447\u0451\u043c\u043d\u044b\u0435!!!", "author": 100, "score": 1, "pub_date": "2022-07-12T13:33:54.981Z"}}, {"model": "reviews.review", "pk": 42, "fields": {"title": 16, "text": "\u041f\u043e\u0441\u043b\u0435 \u043f\u0440\u043e\u0441\u043c\u043e\u0442\u0440\u0430 \u0440\u0430\u0437\u043e\u0447\u0430\u0440\u043e\u0432\u0430\u043d\u0438\u0435 \u0433\u0440\u0430\u043d\u0438\u0447\u0438\u0442 \u0441 \u0448\u043e\u043a\u043e\u043c. \u0411\u0435\u0437\u0434\u0430\u0440\u043d\u044b\u0439 \u0444\u0438\u043b\u044c\u043c, \u043a\u0430\u043a \u043f\u0440\u0435\u0434\u044b\u0434\u0443\u0449\u0438\u0439 \u043e\u0442 \u044d\u0442\u043e\u0433\u043e \u0436\u0435 \u0440\u0435\u0436\u0438\u0441\u0441\u0435\u0440\u0430. \u041d\u0435 \u0440\u0435\u043a\u043e\u043c\u0435\u043d\u0434\u0443\u044e \u043d\u0438\u043a\u043e\u043c\u0443! \u041f\u043b\u043e\u0445\u043e, \u043d\u0435\u043f\u0440\u0430\u0432\u0434\u043e\u043f\u043e\u0434\u043e\u0431\u043d\u043e, \u0441\u043a\u043e\u043c\u043a\u0430\u043d\u043e \u0441\u043d\u044f\u0442\u043e.", "author": 101, "score": 2, "pub_date": "2022-07-12T13:33:54.981Z"}}, {"model": "reviews.review", "pk": 43, "fields": {"title": 16, "text": "\u0424\u0438\u043b\u044c\u043c \u043c\u043e\u0449\u043d\u044b\u0439. \u0413\u043b\u0430\u0432\u043d\u043e\u0435 - \u043d\u0435 \u0437\u0430\u043d\u0438\u043c\u0430\u0442\u044c \u0447\u044c\u044e-\u0442\u043e \u043f\u043e\u0437\u0438\u0446\u0438\u044e, \u0430 \u0441\u043c\u043e\u0442\u0440\u0435\u0442\u044c \u0441\u043e \u0441\u0442\u043e\u0440\u043e\u043d\u044b. \u0412\u043f\u0435\u0440\u0432\u044b\u0435 \u0432\u0438\u0436\u0443, \u0447\u0442\u043e\u0431\u044b \u0431\u044b\u043b\u043e \u0442\u0430\u043a \u0434\u0435\u0442\u0430\u043b\u044c\u043d\u043e \u043f\u043e\u043a\u0430\u0437\u0430\u043d\u044b \u043f\u0435\u0440\u0435\u0436\u0438\u0432\u0430\u043d\u0438\u044f \u0438 \u044d\u043c\u043e\u0446\u0438\u0438 \u043a\u0430\u0436\u0434\u043e\u0433\u043e \u0433\u0435\u0440\u043e\u044f. \u0412\u0441\u0435 \u043d\u0430 \u0441\u0432\u043e\u0435\u043c \u043c\u0435\u0441\u0442\u0435. \u0410\u043a\u0442\u0435\u0440\u044b \u0438 \u0433\u0440\u0430\u0444\u0438\u043a\u0430 \u043d\u0430 \u0432\u044b\u0441\u043e\u0442\u0435.", "author": 102, "score": 10, "pub_date": "2022-07-12T13:33:54.981Z"}}, {"model": "reviews.review", "pk": 44, "fields": {"title": 17, "text": "\u0415\u0441\u043b\u0438 \u0442\u0430\u043a\u043e\u0439 \u0436\u0430\u043d\u0440 \u0432\u0430\u043c \u043f\u043e \u0432\u043a\u0443\u0441\u0443, \u0442\u043e \u0434\u0430\u0436\u0435 \u043d\u0435 \u0441\u043e\u043c\u043d\u0435\u0432\u0430\u0439\u0442\u0435\u0441\u044c - \u0431\u0435\u0433\u043e\u043c \u0432 \u043a\u0438\u043d\u043e\u0442\u0435\u0430\u0442\u0440! \u0424\u0438\u043b\u044c\u043c - \u043e\u0433\u043e\u043d\u044c! \u0418\u043d\u0442\u0435\u0440\u0435\u0441\u043d\u044b\u0439 \u0441\u044e\u0436\u0435\u0442, \u0432\u0435\u043b\u0438\u043a\u043e\u043b\u0435\u043f\u043d\u0430\u044f \u0438\u0433\u0440\u0430 \u0430\u043a\u0442\u0451\u0440\u043e\u0432, \u0441\u044a\u0451\u043c\u043a\u0438 \u043f\u0440\u043e\u0441\u0442\u043e \u0441\u0443\u043f\u0435\u0440, \u0434\u0430 \u0438 \u0441\u043f\u0435\u0446\u044d\u0444\u0444\u0435\u043a\u0442\u044b \u043d\u0430 \u0432\u044b\u0441\u043e\u0442\u0435", "author": 103, "score": 10, "pub_date": "2022-07-12T13:33:54.981Z"}}, {"model": "reviews.review", "pk": 45, "fields": {"title": 18, "text": "\u0421\u044e\u0436\u0435\u0442, \u043c\u044b\u0441\u043b\u044c, \u0444\u0438\u043b\u043e\u0441\u043e\u0444\u0438\u044f, \u0438\u0433\u0440\u0430 \u0430\u043a\u0442\u0435\u0440\u043e\u0432, \u044d\u043c\u043e\u0446\u0438\u0438 - \u0431\u043b\u0435\u0441\u043a! \u0421\u044e\u0436\u0435\u0442 \u0434\u0438\u043d\u0430\u043c\u0438\u0447\u043d\u044b\u0439, \u0438\u0433\u0440\u0430 \u0430\u043a\u0442\u0451\u0440\u043e\u0432 \u0445\u043e\u0440\u043e\u0448\u0430, \u043d\u043e \u043d\u0435 \u0438\u0434\u0435\u0430\u043b\u044c\u043d\u0430.", "author": 104, "score": 8, "pub_date": "2022-07-12T13:33:54.981Z"}}, {"model": "reviews.review", "pk": 46, "fields": {"title": 18, "text": "\u0420\u0430\u0437\u043e\u0447\u0430\u0440\u043e\u0432\u0430\u043d\u0438\u043d\u0435, \u0432\u044b\u0442\u0430\u0449\u0438\u043b\u0430 \u0441\u0435\u0431\u044f \u0432 \u043a\u0438\u043d\u043e, \u0430 \u0442\u0443\u0442 \u0442\u0430\u043a\u043e\u0435. \u0420\u0435\u043a\u043b\u0430\u043c\u0430 \u0448\u043b\u0430 \u043c\u043d\u043e\u043e\u043e\u0431\u0435\u0449\u0430\u044e\u0449\u0430\u044f, \u0430 \u0432 \u0440\u0435\u0430\u043b\u044c\u043d\u043e\u0441\u0442\u0438 \u0432\u0441\u0451 \u043d\u0435 \u0442\u043e", "author": 100, "score": 2, "pub_date": "2022-07-12T13:33:54.981Z"}}, {"model": "reviews.review", "pk": 47, "fields": {"title": 19, "text": "\u041d\u0435\u043f\u0440\u0430\u0432\u0434\u043e\u043f\u043e\u0434\u043e\u0431\u043d\u044b\u0439, \u043d\u0435\u043b\u043e\u0433\u0438\u0447\u043d\u044b\u0439, \u0431\u0435\u0441\u0441\u043c\u044b\u0441\u043b\u0435\u043d\u043d\u044b\u0439 \u0444\u0438\u043b\u044c\u043c. \u041f\u0440\u043e\u0441\u0442\u043e \u043d\u0438\u043a\u0430\u043a\u043e\u0439, \u043c\u043e\u0436\u0435\u0442\u0435 \u0434\u0430\u0436\u0435 \u043d\u0435 \u0441\u043c\u043e\u0442\u0440\u0435\u0442\u044c, \u0441\u0443\u0442\u0438 \u043d\u0435 \u0443\u043b\u043e\u0432\u0438\u0442\u0435. \u041c\u043d\u0435 \u043f\u043e\u043d\u0440\u0430\u0432\u0438\u043b\u0441\u044f", "author": 101, "score": 10, "pub_date": "2022-07-12T13:33:54.981Z"}}, {"model": "reviews.review", "pk": 48, "fields": {"title": 19, "text": "\u0418\u043d\u0442\u0435\u0440\u0435\u0441\u043d\u043e \u043f\u0440\u043e\u0434\u0443\u043c\u0430\u043d\u043d\u044b\u0439 \u0444\u0438\u043b\u044c\u043c, \u0446\u0435\u043f\u043b\u044f\u0435\u0442 \u043d\u0435\u043e\u0431\u044b\u0447\u043d\u044b\u043c \u0441\u044e\u0436\u0435\u0442\u043e\u043c. \u0434\u043b\u0438\u043d\u043d\u044b\u0439, \u0447\u0442\u043e \u0431\u044b\u0432\u0430\u0435\u0442 \u043d\u0435 \u0432\u043e \u0432\u0441\u0435\u0445 \u0444\u0438\u043b\u044c\u043c\u0430\u0445. \u0410\u043a\u0442\u0451\u0440\u044b \u043a\u0440\u0443\u0442\u044b\u0435. \u0412 \u043e\u0431\u0449\u0435\u043c, \u043f\u043e\u0441\u043c\u043e\u0442\u0440\u0435\u0442\u044c \u043c\u043e\u0436\u043d\u043e.", "author": 102, "score": 8, "pub_date": "2022-07-12T13:33:54.981Z"}}, {"model": "reviews.review", "pk": 49, "fields": {"title": 20, "text": "\u0412\u043d\u0438\u043c\u0430\u0442\u0435\u043b\u044c\u043d\u043e \u0441\u043b\u0435\u0436\u0443 \u0437\u0430 \u0432\u0441\u0435\u043c\u0438 \u043d\u043e\u0432\u044b\u043c\u0438 \u0438\u0437\u0434\u0430\u043d\u0438\u044f\u043c\u0438, \u043f\u043e\u043a\u0443\u043f\u0430\u044e \u043a\u0430\u0436\u0434\u043e\u0435. \u041b\u0443\u0447\u0448\u0438\u0439 \u0442\u0440\u0438\u043b\u043b\u0435\u0440 \u0442\u044b\u0441\u044f\u0447\u0435\u043b\u0435\u0442\u0438\u044f \u2014 \u044d\u0442\u043e \u00ab\u041a\u043e\u043b\u043e\u0431\u043e\u043a\u00bb", "author": 103, "score": 10, "pub_date": "2022-07-12T13:33:54.981Z"}}, {"model": "reviews.review", "pk": 50, "fields": {"title": 20, "text": "\u0410 \u0432\u043e\u0442 \u0443 \u043a\u0438\u043f\u0447\u0430\u043a\u043e\u0432 \u00ab\u043a\u043e\u043b\u043e\u0431\u043e\u043a\u00bb \u2014 \u0448\u0430\u0440\u0438\u043a \u0438\u0437 \u043d\u0430\u0432\u043e\u0437\u0430! \u0418 \u0441\u043a\u0430\u0437\u043a\u0430 \u043f\u0440\u0438\u043e\u0431\u0440\u0435\u0442\u0430\u0435\u0442 \u0441\u043e\u0432\u0441\u0435\u043c \u0434\u0440\u0443\u0433\u043e\u0439 \u0441\u043c\u044b\u0441\u043b! \u00ab\u041d\u0435 \u0445\u0438\u0442\u0440\u0438, \u0430 \u0442\u043e \u043d\u0430\u0432\u043e\u0437\u0430 \u043d\u0430\u043a\u0443\u0448\u0430\u0435\u0448\u044c\u0441\u044f!\u00bb", "author": 104, "score": 10, "pub_date": "2022-07-12T13:33:54.981Z"}}, {"model": "reviews.review", "pk": 51, "fields": {"title": 21, "text": "\u041f\u0440\u043e\u0447\u043b\u0430 \u043e\u0442 \u043d\u0430\u0447\u0430\u043b\u0430 \u0434\u043e \u043a\u043e\u043d\u0446\u0430, \u043d\u0435 \u043e\u0442\u0440\u044b\u0432\u0430\u044f\u0441\u044c. \u0423\u0436\u0430\u0441\u043d\u0430\u044f \u043a\u043d\u0438\u0433\u0430, \u0447\u0435\u043c\u0443 \u043e\u043d\u0430 \u043c\u043e\u0436\u0435\u0442 \u043d\u0430\u0443\u0447\u0438\u0442\u044c \u043d\u0430\u0448\u0443 \u043c\u043e\u043b\u043e\u0434\u0451\u0436\u044c.", "author": 100, "score": 1, "pub_date": "2022-07-12T13:33:54.981Z"}}, {"model": "reviews.review", "pk": 52, "fields": {"title": 21, "text": "\u0421\u0443\u0440\u043e\u0432\u044b\u0435 \u0430\u043c\u0435\u0440\u0438\u043a\u0430\u043d\u0441\u043a\u0438\u0435 \u0441\u0435\u043c\u0438\u0434\u0435\u0441\u044f\u0442\u044b\u0435 \u0432 \u0434\u043e\u043a\u0443\u043c\u0435\u043d\u0442\u0430\u043b\u044c\u043d\u043e\u043c \u0438\u0437\u043b\u043e\u0436\u0435\u043d\u0438\u0438. \u041a\u0430\u043a \u0430\u0432\u0442\u043e\u0440 \u0434\u043e\u0436\u0438\u043b \u0434\u043e 2005-\u0433\u043e \u0433\u043e\u0434\u0430 \u2014 \u0437\u0430\u0433\u0430\u0434\u043a\u0430. \u041d\u043e \u0440\u043e\u043c\u0430\u043d \u043f\u0440\u0435\u043a\u0440\u0430\u0441\u043d\u044b\u0439.", "author": 101, "score": 10, "pub_date": "2022-07-12T13:33:54.981Z"}}, {"model": "reviews.review", "pk": 53, "fields": {"title": 22, "text": "\u041c\u043d\u043e\u0433\u0430\u0431\u0443\u043a\u0443\u0444. \u041d\u0438\u0430\u0441\u0438\u043b\u0438\u043b. \u0412 \u0430\u043d\u043d\u043e\u0442\u0430\u0446\u0438\u0438 \u043d\u0430\u043f\u0438\u0441\u0430\u043d\u043e \u2014 \u00ab\u0432\u0435\u043b\u0438\u043a\u0438\u0439 \u0440\u043e\u043c\u0430\u043d\u00bb, \u0442\u0430\u043a \u0447\u0442\u043e \u0441\u0442\u0430\u0432\u043b\u044e \u043c\u0430\u043a\u0441\u0438\u043c\u0430\u043b\u044c\u043d\u0443\u044e \u043e\u0446\u0435\u043d\u043a\u0443", "author": 102, "score": 10, "pub_date": "2022-07-12T13:33:54.981Z"}}, {"model": "reviews.review", "pk": 54, "fields": {"title": 22, "text": "\u0415\u0441\u043b\u0438 \u0442\u0430\u043a\u043e\u0439 \u0436\u0430\u043d\u0440 \u0432\u0430\u043c \u043f\u043e \u0432\u043a\u0443\u0441\u0443, \u0442\u043e \u0434\u0430\u0436\u0435 \u043d\u0435 \u0441\u043e\u043c\u043d\u0435\u0432\u0430\u0439\u0442\u0435\u0441\u044c: \u0441\u0430\u0434\u0438\u0442\u0435\u0441\u044c \u0447\u0438\u0442\u0430\u0442\u044c! \u0420\u043e\u043c\u0430\u043d - \u043e\u0433\u043e\u043d\u044c! \u0418\u043d\u0442\u0435\u0440\u0435\u0441\u043d\u044b\u0439 \u0441\u044e\u0436\u0435\u0442, \u0432\u0435\u043b\u0438\u043a\u043e\u043b\u0435\u043f\u043d\u044b\u0435 \u043f\u0435\u0440\u0441\u043e\u043d\u0430\u0436\u0438, \u043d\u0435\u0431\u043e \u0410\u0443\u0441\u0442\u0435\u0440\u043b\u0438\u0446\u0430 \u0438 \u0432\u0441\u0442\u0440\u0435\u0447\u0430 \u0441 \u0434\u0443\u0431\u043e\u043c", "author": 103, "score": 10, "pub_date": "2022-07-12T13:33:54.981Z"}}, {"model": "reviews.review", "pk": 55, "fields": {"title": 22, "text": "\u042f \u0412\u0438\u041c \u0432 \u0448\u043a\u043e\u043b\u0435 \u0447\u0438\u0442\u0430\u043b (\u0437\u0430\u0441\u0442\u0430\u0432\u043b\u044f\u043b\u0438), \u0430 \u043f\u043e\u0442\u043e\u043c \u043e\u043f\u044f\u0442\u044c \u0441\u043b\u0443\u0447\u0430\u0439\u043d\u043e \u043f\u0440\u043e\u0447\u0451\u043b, \u0438 \u043e\u043a\u0430\u0437\u0430\u043b\u043e\u0441\u044c, \u0447\u0442\u043e \u043e\u043d \u0438 \u043f\u0440\u0430\u0432\u043b\u0430 \u0432\u0435\u043b\u0438\u043a\u0438\u0439, \u0430 \u043d\u0435 \u043f\u0440\u043e\u0441\u0442\u043e \u0442\u0430\u043a. \u041d\u0435 \u0441\u0442\u0430\u0432\u043b\u044e \u0434\u0435\u0441\u044f\u0442\u043a\u0443 \u0442\u043e\u043b\u044c\u043a\u043e \u0432 \u043f\u0430\u043c\u044f\u0442\u044c \u043e \u0448\u043a\u043e\u043b\u044c\u043d\u044b\u0445 \u043c\u0443\u0447\u0435\u043d\u0438\u044f\u0445", "author": 104, "score": 8, "pub_date": "2022-07-12T13:33:54.981Z"}}, {"model": "reviews.review", "pk": 56, "fields": {"title": 23, "text": "\u041d\u0438\u0447\u0435\u0433\u043e \u043d\u0435 \u043f\u043e\u043d\u044f\u043b", "author": 100, "score": 3, "pub_date": "2022-07-12T13:33:54.981Z"}}, {"model": "reviews.review", "pk": 57, "fields": {"title": 23, "text": "\u041d\u0435 \u043f\u043e\u043d\u044f\u043b \u0432\u043e\u043e\u0431\u0449\u0435 \u043d\u0438\u0447\u0435\u0433\u043e", "author": 101, "score": 1, "pub_date": "2022-07-12T13:33:54.981Z"}}, {"model": "reviews.review", "pk": 58, "fields": {"title": 23, "text": "\u0421\u043e\u0432\u0441\u0435\u043c \u043d\u0435\u043f\u043e\u043d\u044f\u0442\u043d\u043e, \u043d\u043e \u0437\u0434\u043e\u0440\u043e\u0432\u043e", "author": 102, "score": 8, "pub_date": "2022-07-12T13:33:54.982Z"}}, {"model": "reviews.review", "pk": 59, "fields": {"title": 23, "text": "\u0427\u0442\u043e \u044d\u0442\u043e \u0431\u044b\u043b\u043e?! \u0414\u0435\u0441\u044f\u0442\u043a\u0430 \u0437\u0430 \u0443\u0440\u043e\u0432\u0435\u043d\u044c \u043d\u0435\u043f\u043e\u043d\u044f\u0442\u043d\u043e\u0441\u0442\u0438", "author": 103, "score": 10, "pub_date": "2022-07-12T13:33:54.982Z"}}, {"model": "reviews.review", "pk": 60, "fields": {"title": 23, "text": "\u0414\u0435\u0442\u0430\u043b\u044c\u043d\u043e \u043a\u043e\u043c\u043c\u0435\u043d\u0442\u0438\u0440\u043e\u0432\u0430\u0442\u044c \u043d\u0435 \u0431\u0443\u0434\u0443, \u043d\u043e \u044d\u0442\u043e \u0448\u0435\u0434\u0435\u0432\u0440", "author": 104, "score": 10, "pub_date": "2022-07-12T13:33:54.982Z"}}, {"model": "reviews.review", "pk": 63, "fields": {"title": 24, "text": "\u041d\u0435 \u043c\u043e\u0436\u0435\u0442 \u0431\u044b\u0442\u044c \u0442\u0430\u043a\u043e\u0433\u043e. \u042d\u0442\u043e \u0432\u0441\u0451 \u043f\u0440\u0438\u0434\u0443\u043c\u0430\u043d\u043e, \u0430\u0432\u0442\u043e\u0440 \u043f\u043e\u043f\u044b\u0442\u0430\u043b\u0441\u044f \u043e\u0431\u043c\u0430\u043d\u0443\u0442\u044c \u0447\u0438\u0442\u0430\u0442\u0435\u043b\u044f, \u043d\u043e \u043c\u044b, \u0447\u0438\u0442\u0430\u0442\u0435\u043b\u0438, \u0443\u043c\u043d\u0435\u0435 \u0435\u0433\u043e. \u041d\u0430\u0441 \u0432\u043e\u043a\u0440\u0443\u0433 \u043f\u0430\u043b\u044c\u0446\u0430 \u043d\u0435 \u043e\u0431\u0432\u0435\u0434\u0451\u0448\u044c!!", "author": 102, "score": 2, "pub_date": "2022-07-12T13:33:54.982Z"}}, {"model": "reviews.review", "pk": 64, "fields": {"title": 24, "text": "\u0412\u0441\u0451 \u0441\u043e\u0432\u0435\u0440\u0448\u0435\u043d\u043d\u043e \u043d\u0435 \u0442\u0430\u043a, \u043a\u0430\u043a \u043d\u0430 \u0441\u0430\u043c\u043e\u043c \u0434\u0435\u043b\u0435, \u0438 \u0432 \u0434\u043e\u043a\u0443\u043c\u0435\u043d\u0442\u0430\u043b\u044c\u043d\u043e\u0439 \u043f\u043e\u0432\u0435\u0441\u0442\u0438 \u044d\u0442\u043e \u0445\u043e\u0440\u043e\u0448\u043e \u043e\u043f\u0438\u0441\u0430\u043d\u043e", "author": 103, "score": 9, "pub_date": "2022-07-12T13:33:54.982Z"}}, {"model": "reviews.review", "pk": 65, "fields": {"title": 25, "text": "\u0415\u0441\u043b\u0438 \u0431\u044b \u044f \u0442\u043e\u043b\u044c\u043a\u043e \u043c\u043e\u0433 \u043d\u0430 \u043c\u0438\u043d\u0443\u0442\u043a\u0443 \u043f\u0435\u0440\u0435\u0441\u0442\u0430\u0442\u044c \u0431\u0443\u043c\u043a\u0430\u0442\u044c \u0433\u043e\u043b\u043e\u0432\u043e\u0439 \u043f\u043e \u0441\u0442\u0443\u043f\u0435\u043d\u044c\u043a\u0430\u043c \u0438 \u043a\u0430\u043a \u0441\u043b\u0435\u0434\u0443\u0435\u0442 \u0441\u043e\u0441\u0440\u0435\u0434\u043e\u0442\u043e\u0447\u0438\u0442\u044c\u0441\u044f \u2014 \u044f \u0431\u044b \u043d\u0430\u043f\u0438\u0441\u0430\u043b \u043f\u0440\u0435\u043a\u0440\u0430\u0441\u043d\u044b\u0439 \u043e\u0442\u0437\u044b\u0432. \u041d\u043e \u0443\u0432\u044b \u2014 \u0441\u043e\u0441\u0440\u0435\u0434\u043e\u0442\u043e\u0447\u0438\u0442\u044c\u0441\u044f-\u0442\u043e \u043c\u043d\u0435 \u0438 \u043d\u0435\u043a\u043e\u0433\u0434\u0430: \u0443\u0447\u0451\u0431\u0430, \u0440\u0430\u0431\u043e\u0442\u0430. \u041f\u0440\u043e\u0441\u0442\u043e \u043f\u043e\u0441\u0442\u0430\u0432\u043b\u044e \u043f\u044f\u0442\u0451\u0440\u043a\u0443", "author": 104, "score": 10, "pub_date": "2022-07-12T13:33:54.982Z"}}, {"model": "reviews.review", "pk": 66, "fields": {"title": 25, "text": "\u042d\u0442\u043e \u043f\u0440\u043e\u0441\u0442\u043e \u00ab\u0412\u043e\u0439\u043d\u0430 \u0438 \u043c\u0438\u0440\u00bb \u0434\u043b\u044f \u0434\u0435\u0442\u0435\u0439. \u0427\u0438\u0442\u0430\u0442\u044c \u0432\u0441\u0435\u043c", "author": 100, "score": 10, "pub_date": "2022-07-12T13:33:54.982Z"}}, {"model": "reviews.review", "pk": 67, "fields": {"title": 26, "text": "\u0421\u043b\u0443\u0448\u0430\u044e \u0438 \u043f\u043b\u0430\u0447\u0443. \u041f\u043b\u0430\u0447\u0443, \u043d\u043e \u0441\u043b\u0443\u0448\u0430\u044e", "author": 101, "score": 10, "pub_date": "2022-07-12T13:33:54.982Z"}}, {"model": "reviews.review", "pk": 68, "fields": {"title": 27, "text": "\u041a\u0430\u043a\u043e\u0439-\u0442\u043e \u043d\u0435\u043f\u043e\u043d\u044f\u0442\u043d\u044b\u0439 \u0448\u0443\u043c. \u041d\u0435\u0443\u0436\u0435\u043b\u0438 \u044d\u0442\u043e \u043a\u0442\u043e-\u0442\u043e \u0441\u043b\u0443\u0448\u0430\u0435\u0442?", "author": 102, "score": 1, "pub_date": "2022-07-12T13:33:54.982Z"}}, {"model": "reviews.review", "pk": 69, "fields": {"title": 27, "text": "\u041d\u0438\u0447\u0435\u0433\u043e \u043d\u0435 \u043f\u043e\u043d\u044f\u0442\u043d\u043e. \u041e \u0447\u0451\u043c \u044d\u0442\u0430 \u043f\u0435\u0441\u043d\u044f, \u0447\u0435\u043c\u0443 \u043e\u043d\u0430 \u0443\u0447\u0438\u0442?", "author": 103, "score": 2, "pub_date": "2022-07-12T13:33:54.982Z"}}, {"model": "reviews.review", "pk": 70, "fields": {"title": 28, "text": "\u0419\u044d\u043d \u0410\u043d\u0434\u0435\u0440\u0441\u043e\u043d \u0432\u0435\u043b\u0438\u043a\u0438\u0439!!!!!!!!1111", "author": 104, "score": 10, "pub_date": "2022-07-12T13:33:54.982Z"}}, {"model": "reviews.review", "pk": 71, "fields": {"title": 28, "text": "\u041d\u0435\u0443\u0436\u0435\u043b\u0438 \u043f\u0435\u0441\u043d\u044e \u043f\u0440\u043e \u0430\u043a\u0432\u0430\u043b\u0430\u043d\u0433\u0438\u0441\u0442\u043e\u0432 \u043f\u0435\u0440\u0435\u0432\u0435\u043b\u0438 \u043d\u0430 \u0430\u043d\u0433\u043b\u0438\u0439\u0441\u043a\u0438\u0439?! \u041d\u0443 \u043d\u0430\u043a\u043e\u043d\u0435\u0446-\u0442\u043e! \u0410\u043a\u0432\u0430\u043b\u0430\u043d\u0433\u0438\u0441\u0442\u044b \u2014 \u044d\u0442\u043e \u0445\u043e\u0440\u043e\u0448\u043e!", "author": 100, "score": 10, "pub_date": "2022-07-12T13:33:54.982Z"}}, {"model": "reviews.review", "pk": 72, "fields": {"title": 29, "text": "\u041c\u044b \u043f\u0440\u044b\u0433\u0430\u043b\u0438, \u0432\u0435\u0440\u0442\u0435\u043b\u0438\u0441\u044c \u0438 \u043a\u0440\u0443\u0436\u0438\u043b\u0438\u0441\u044c \u0442\u0430\u043a, \u0447\u0442\u043e \u043f\u043e\u043b \u0445\u043e\u0434\u0438\u043b \u0445\u043e\u0434\u0443\u043d\u043e\u043c!", "author": 101, "score": 10, "pub_date": "2022-07-12T13:33:54.982Z"}}, {"model": "reviews.review", "pk": 73, "fields": {"title": 30, "text": "\u042d\u0442\u043e \u0435\u0434\u0438\u043d\u0441\u0442\u0432\u0435\u043d\u043d\u044b\u0439 \u0440\u0438\u0444, \u043a\u043e\u0442\u043e\u0440\u044b\u0439 \u044f \u0443\u043c\u0435\u044e \u0438\u0433\u0440\u0430\u0442\u044c \u043d\u0430 \u0441\u0432\u043e\u0435\u0439 \u0441\u0443\u043f\u0435\u0440\u0434\u043e\u0440\u043e\u0433\u043e\u0439 \u0433\u0438\u0442\u0430\u0440\u0435! \u041c\u043e\u044f \u043b\u044e\u0431\u0438\u043c\u0430\u044f \u043f\u0435\u0441\u043d\u044f", "author": 104, "score": 10, "pub_date": "2022-07-12T13:33:54.982Z"}}, {"model": "reviews.review", "pk": 74, "fields": {"title": 31, "text": "\u0421\u0442\u0440\u0430\u043d\u043d\u043e: \u041c\u043e\u0446\u0430\u0440\u0442 - \u0430\u0432\u0441\u0442\u0440\u0438\u0435\u0446, \u0430 \u043c\u0430\u0440\u0448 - \u0442\u0443\u0440\u0435\u0446\u043a\u0438\u0439. \u041d\u0435 \u043f\u043e\u043d\u0438\u043c\u0430\u044e, \u043a\u0430\u043a \u0442\u0430\u043a \u0432\u044b\u0448\u043b\u043e. \u0417\u0432\u0443\u0447\u0438\u0442 \u043a\u0440\u0430\u0441\u0438\u0432\u043e, \u043d\u043e \u0437\u0430 \u0433\u0435\u043e\u0433\u0440\u0430\u0444\u0438\u0447\u0435\u0441\u043a\u0443\u044e \u043f\u0443\u0442\u0430\u043d\u0438\u0446\u0443 \u0441\u0442\u0430\u0432\u043b\u044e \u0432\u043e\u0441\u0435\u043c\u044c", "author": 100, "score": 8, "pub_date": "2022-07-12T13:33:54.982Z"}}, {"model": "reviews.review", "pk": 75, "fields": {"title": 32, "text": "\u0411\u0430\u0445 forever. \u042d\u0442\u043e \u0432\u0430\u043c \u043d\u0435 \u0442\u0440\u0438 \u0430\u043a\u043a\u043e\u0440\u0434\u0430 \u043d\u0430 \u0433\u0438\u0442\u0430\u0440\u0435, \u043a\u0430\u043a \u0443 \u0441\u043c\u043e\u043a \u043e\u043d \u0437\u0435 \u0432\u043e\u0442\u0435\u0440", "author": 102, "score": 10, "pub_date": "2022-07-12T13:33:54.982Z"}}, {"model": "reviews.comment", "pk": 1, "fields": {"review": 6, "text": "\u041d\u0438\u0447\u0435\u0433\u043e \u043f\u043e\u0434\u043e\u0431\u043d\u043e\u0433\u043e, \u0432 \u0444\u0438\u043b\u044c\u043c\u0435 \u0432\u0441\u0451 \u043d\u0435 \u0442\u0430\u043a, \u0438 \u043f\u0440\u043e\u0433\u0440\u0430\u043c\u043c\u0438\u0440\u043e\u0432\u0430\u043d\u0438\u0435 \u0442\u0443\u0442 \u0432\u043e\u043e\u0431\u0449\u0435 \u043d\u0438 \u043f\u0440\u0438 \u0447\u0451\u043c!", "author": 102, "pub_date": "2022-07-12T13:33:54.986Z"}}, {"model": "reviews.comment", "pk": 2, "fields": {"review": 6, "text": "\u041d\u0443 \u043d\u0430\u0434\u043e \u0436\u0435, \u043d\u0435 \u043d\u0430\u0448\u043b\u043e\u0441\u044c \u043d\u0438\u0447\u0435\u0433\u043e \u043b\u0443\u0447\u0448\u0435\u0433\u043e, \u043a\u0440\u043e\u043c\u0435 \u043a\u0430\u043a \u043f\u0440\u043e\u043a\u043e\u043c\u043c\u0435\u043d\u0442\u0438\u0440\u043e\u0432\u0430\u0442\u044c \u0440\u0430\u0437\u0433\u043e\u0432\u043e\u0440 \u043f\u0440\u043e \u0433\u0430\u043c\u0431\u0443\u0440\u0433\u0435\u0440\u044b, \u0431\u0443\u0434\u0442\u043e \u0432 \u0444\u0438\u043b\u044c\u043c\u0435 \u043d\u0438\u0447\u0435\u0433\u043e \u0432\u0430\u0436\u043d\u0435\u0435 \u044d\u0442\u043e\u0433\u043e \u043d\u0435\u0442", "author": 101, "pub_date": "2022-07-12T13:33:54.986Z"}}, {"model": "reviews.comment", "pk": 3, "fields": {"review": 6, "text": "\u041a\u0441\u0442\u0430\u0442\u0438, \u0430 \u0447\u0442\u043e \u0442\u0430\u043a\u043e\u0435 \"\u0447\u0435\u0442\u0432\u0435\u0440\u0442\u044c \u0444\u0443\u043d\u0442\u0430\"? \u0412 \u0433\u0440\u0430\u043c\u043c\u0430\u0445 \u044d\u0442\u043e \u0441\u043a\u043e\u043b\u044c\u043a\u043e?", "author": 103, "pub_date": "2022-07-12T13:33:54.986Z"}}, {"model": "admin.logentry", "pk": 1, "fields": {"action_time": "2022-07-12T13:08:00.504Z", "user": 1, "content_type": 6, "object_id": "2", "object_repr": "Rating object (2)", "action_flag": 1, "change_message": "[{\"added\": {}}]"}}, {"model": "admin.logentry", "pk": 2, "fields": {"action_time": "2022-07-12T13:08:21.808Z", "user": 1, "content_type": 6, "object_id": "1", "object_repr": "Rating object (1)", "action_flag": 1, "change_message": "[{\"added\": {}}]"}}, {"model": "admin.logentry", "pk": 3, "fields": {"action_time": "2022-07-12T13:09:14.831Z", "user": 1, "content_type": 6, "object_id": "1", "object_repr": "Rating object (1)", "action_flag": 3, "change_message": ""}}, {"model": "admin.logentry", "pk": 4, "fields": {"action_time": "2022-07-12T13:09:23.667Z", "user": 1, "content_type": 6, "object_id": "7", "object_repr": "Rating object (7)", "action_flag": 1, "change_message": "[{\"added\": {}}]"}}, {"model": "admin.logentry", "pk": 5, "fields": {"action_time": "2022-07-12T13:09:38.402Z", "user": 1, "content_type": 6, "object_id": "5", "object_repr": "Rating object (5)", "action_flag": 1, "change_message": "[{\"added\": {}}]"}}, {"model": "admin.logentry", "pk": 6, "fields": {"action_time": "2022-07-12T13:25:29.107Z", "user": 1, "content_type": 6, "object_id": "7", "object_repr": "Rating object (7)", "action_flag": 3, "change_message": ""}}, {"model": "admin.logentry", "pk": 7, "fields": {"action_time": "2022-07-12T13:25:29.110Z", "user": 1, "content_type": 6, "object_id": "5", "object_repr": "Rating object (5)", "action_flag": 3, "change_message": ""}}, {"model": "admin.logentry", "pk": 8, "fields": {"action_time": "2022-07-12T13:25:29.111Z", "user": 1, "content_type": 6, "object_id": "2", "object_repr": "Rating object (2)", "action_flag": 3, "change_message": ""}}, {"model": "admin.logentry", "pk": 9, "fields": {"action_time": "2022-07-12T13:25:39.828Z", "user": 1, "content_type": 7, "object_id": "75", "object_repr": "Review object (75)", "action_flag": 3, "change_message": ""}}, {"model": "admin.logentry", "pk": 10, "fields": {"action_time": "2022-07-12T13:25:39.831Z", "user": 1, "content_type": 7, "object_id": "74", "object_repr": "Review object (74)", "action_flag": 3, "change_message": ""}}, {"model": "admin.logentry", "pk": 11, "fields": {"action_time": "2022-07-12T13:25:39.832Z", "user": 1, "content_type": 7, "object_id": "73", "object_repr": "Review object (73)", "action_flag": 3, "change_message": ""}}, {"model": "admin.logentry", "pk": 12, "fields": {"action_time": "2022-07-12T13:25:39.833Z", "user": 1, "content_type": 7, "object_id": "72", "object_repr": "Review object (72)", "action_flag": 3, "change_message": ""}}, {"model": "admin.logentry", "pk": 13, "fields": {"action_time": "2022-07-12T13:25:39.835Z", "user": 1, "content_type": 7, "object_id": "70", "object_repr": "Review object (70)", "action_flag": 3, "change_message": ""}}, {"model": "admin.logentry", "pk": 14, "fields": {"action_time": "2022-07-12T13:25:39.836Z", "user": 1, "content_type": 7, "object_id": "71", "object_repr": "Review object (71)", "action_flag": 3, "change_message": ""}}, {"model": "admin.logentry", "pk": 15, "fields": {"action_time": "2022-07-12T13:25:39.837Z", "user": 1, "content_type": 7, "object_id": "69", "object_repr": "Review object (69)", "action_flag": 3, "change_message": ""}}, {"model": "admin.logentry", "pk": 16, "fields": {"action_time": "2022-07-12T13:25:39.838Z", "user": 1, "content_type": 7, "object_id": "68", "object_repr": "Review object (68)", "action_flag": 3, "change_message": ""}}, {"model": "admin.logentry", "pk": 17, "fields": {"action_time": "2022-07-12T13:25:39.839Z", "user": 1, "content_type": 7, "object_id": "67", "object_repr": "Review object (67)", "action_flag": 3, "change_message": ""}}, {"model": "admin.logentry", "pk": 18, "fields": {"action_time": "2022-07-12T13:25:39.841Z", "user": 1, "content_type": 7, "object_id": "65", "object_repr": "Review object (65)", "action_flag": 3, "change_message": ""}}, {"model": "admin.logentry", "pk": 19, "fields": {"action_time": "2022-07-12T13:25:39.842Z", "user": 1, "content_type": 7, "object_id": "66", "object_repr": "Review object (66)", "action_flag": 3, "change_message": ""}}, {"model": "admin.logentry", "pk": 20, "fields": {"action_time": "2022-07-12T13:25:39.843Z", "user": 1, "content_type": 7, "object_id": "64", "object_repr": "Review object (64)", "action_flag": 3, "change_message": ""}}, {"model": "admin.logentry", "pk": 21, "fields": {"action_time": "2022-07-12T13:25:39.844Z", "user": 1, "content_type": 7, "object_id": "63", "object_repr": "Review object (63)", "action_flag": 3, "change_message": ""}}, {"model": "admin.logentry", "pk": 22, "fields": {"action_time": "2022-07-12T13:25:39.845Z", "user": 1, "content_type": 7, "object_id": "60", "object_repr": "Review object (60)", "action_flag": 3, "change_message": ""}}, {"model": "admin.logentry", "pk": 23, "fields": {"action_time": "2022-07-12T13:25:39.846Z", "user": 1, "content_type": 7, "object_id": "59", "object_repr": "Review object (59)", "action_flag": 3, "change_message": ""}}, {"model": "admin.logentry", "pk": 24, "fields": {"action_time": "2022-07-12T13:25:39.847Z", "user": 1, "content_type": 7, "object_id": "58", "object_repr": "Review object (58)", "action_flag": 3, "change_message": ""}}, {"model": "admin.logentry", "pk": 25, "fields": {"action_time": "2022-07-12T13:25:39.848Z", "user": 1, "content_type": 7, "object_id": "57", "object_repr": "Review object (57)", "action_flag": 3, "change_message": ""}}, {"model": "admin.logentry", "pk": 26, "fields": {"action_time": "2022-07-12T13:25:39.849Z", "user": 1, "content_type": 7, "object_id": "56", "object_repr": "Review object (56)", "action_flag": 3, "change_message": ""}}, {"model": "admin.logentry", "pk": 27, "fields": {"action_time": "2022-07-12T13:25:39.850Z", "user": 1, "content_type": 7, "object_id": "55", "object_repr": "Review object (55)", "action_flag": 3, "change_message": ""}}, {"model": "admin.logentry", "pk": 28, "fields": {"action_time": "2022-07-12T13:25:39.851Z", "user": 1, "content_type": 7, "object_id": "54", "object_repr": "Review object (54)", "action_flag": 3, "change_message": ""}}, {"model": "admin.logentry", "pk": 29, "fields": {"action_time": "2022-07-12T13:25:39.852Z", "user": 1, "content_type": 7, "object_id": "53", "object_repr": "Review object (53)", "action_flag": 3, "change_message": ""}}, {"model": "admin.logentry", "pk": 30, "fields": {"action_time": "2022-07-12T13:25:39.853Z", "user": 1, "content_type": 7, "object_id": "52", "object_repr": "Review object (52)", "action_flag": 3, "change_message": ""}}, {"model": "admin.logentry", "pk": 31, "fields": {"action_time": "2022-07-12T13:25:39.854Z", "user": 1, "content_type": 7, "object_id": "51", "object_repr": "Review object (51)", "action_flag": 3, "change_message": ""}}, {"model": "admin.logentry", "pk": 32, "fields": {"action_time": "2022-07-12T13:25:39.855Z", "user": 1, "content_type": 7, "object_id": "50", "object_repr": "Review object (50)", "action_flag": 3, "change_message": ""}}, {"model": "admin.logentry", "pk": 33, "fields": {"action_time": "2022-07-12T13:25:39.856Z", "user": 1, "content_type": 7, "object_id": "49", "object_repr": "Review object (49)", "action_flag": 3, "change_message": ""}}, {"model": "admin.logentry", "pk": 34, "fields": {"action_time": "2022-07-12T13:25:39.857Z", "user": 1, "content_type": 7, "object_id": "48", "object_repr": "Review object (48)", "action_flag": 3, "change_message": ""}}, {"model": "admin.logentry", "pk": 35, "fields": {"action_time": "2022-07-12T13:25:39.858Z", "user": 1, "content_type": 7, "object_id": "47", "object_repr": "Review object (47)", "action_flag": 3, "change_message": ""}}, {"model": "admin.logentry", "pk": 36, "fields": {"action_time": "2022-07-12T13:25:39.859Z", "user": 1, "content_type": 7, "object_id": "45", "object_repr": "Review object (45)", "action_flag": 3, "change_message": ""}}, {"model": "admin.logentry", "pk": 37, "fields": {"action_time": "2022-07-12T13:25:39.859Z", "user": 1, "content_type": 7, "object_id": "46", "object_repr": "Review object (46)", "action_flag": 3, "change_message": ""}}, {"model": "admin.logentry", "pk": 38, "fields": {"action_time": "2022-07-12T13:25:39.860Z", "user": 1, "content_type": 7, "object_id": "15", "object_repr": "Review object (15)", "action_flag": 3, "change_message": ""}}, {"model": "admin.logentry", "pk": 39, "fields": {"action_time": "2022-07-12T13:25:39.861Z", "user": 1, "content_type": 7, "object_id": "44", "object_repr": "Review object (44)", "action_flag": 3, "change_message": ""}}, {"model": "admin.logentry", "pk": 40, "fields": {"action_time": "2022-07-12T13:25:39.862Z", "user": 1, "content_type": 7, "object_id": "43", "object_repr": "Review object (43)", "action_flag": 3, "change_message": ""}}, {"model": "admin.logentry", "pk": 41, "fields": {"action_time": "2022-07-12T13:25:39.863Z", "user": 1, "content_type": 7, "object_id": "42", "object_repr": "Review object (42)", "action_flag": 3, "change_message": ""}}, {"model": "admin.logentry", "pk": 42, "fields": {"action_time": "2022-07-12T13:25:39.864Z", "user": 1, "content_type": 7, "object_id": "41", "object_repr": "Review object (41)", "action_flag": 3, "change_message": ""}}, {"model": "admin.logentry", "pk": 43, "fields": {"action_time": "2022-07-12T13:25:39.865Z", "user": 1, "content_type": 7, "object_id": "40", "object_repr": "Review object (40)", "action_flag": 3, "change_message": ""}}, {"model": "admin.logentry", "pk": 44, "fields": {"action_time": "2022-07-12T13:25:39.866Z", "user": 1, "content_type": 7, "object_id": "39", "object_repr": "Review object (39)", "action_flag": 3, "change_message": ""}}, {"model": "admin.logentry", "pk": 45, "fields": {"action_time": "2022-07-12T13:25:39.867Z", "user": 1, "content_type": 7, "object_id": "38", "object_repr": "Review object (38)", "action_flag": 3, "change_message": ""}}, {"model": "admin.logentry", "pk": 46, "fields": {"action_time": "2022-07-12T13:25:39.868Z", "user": 1, "content_type": 7, "object_id": "14", "object_repr": "Review object (14)", "action_flag": 3, "change_message": ""}}, {"model": "admin.logentry", "pk": 47, "fields": {"action_time": "2022-07-12T13:25:39.868Z", "user": 1, "content_type": 7, "object_id": "13", "object_repr": "Review object (13)", "action_flag": 3, "change_message": ""}}, {"model": "admin.logentry", "pk": 48, "fields": {"action_time": "2022-07-12T13:25:39.869Z", "user": 1, "content_type": 7, "object_id": "12", "object_repr": "Review object (12)", "action_flag": 3, "change_message": ""}}, {"model": "admin.logentry", "pk": 49, "fields": {"action_time": "2022-07-12T13:25:39.870Z", "user": 1, "content_type": 7, "object_id": "35", "object_repr": "Review object (35)", "action_flag": 3, "change_message": ""}}, {"model": "admin.logentry", "pk": 50, "fields": {"action_time": "2022-07-12T13:25:39.871Z", "user": 1, "content_type": 7, "object_id": "37", "object_repr": "Review object (37)", "action_flag": 3, "change_message": ""}}, {"model": "admin.logentry", "pk": 51, "fields": {"action_time": "2022-07-12T13:25:39.872Z", "user": 1, "content_type": 7, "object_id": "36", "object_repr": "Review object (36)", "action_flag": 3, "change_message": ""}}, {"model": "admin.logentry", "pk": 52, "fields": {"action_time": "2022-07-12T13:25:39.873Z", "user": 1, "content_type": 7, "object_id": "34", "object_repr": "Review object (34)", "action_flag": 3, "change_message": ""}}, {"model": "admin.logentry", "pk": 53, "fields": {"action_time": "2022-07-12T13:25:39.874Z", "user": 1, "content_type": 7, "object_id": "33", "object_repr": "Review object (33)", "action_flag": 3, "change_message": ""}}, {"model": "admin.logentry", "pk": 54, "fields": {"action_time": "2022-07-12T13:25:39.875Z", "user": 1, "content_type": 7, "object_id": "32", "object_repr": "Review object (32)", "action_flag": 3, "change_message": ""}}, {"model": "admin.logentry", "pk": 55, "fields": {"action_time": "2022-07-12T13:25:39.876Z", "user": 1, "content_type": 7, "object_id": "30", "object_repr": "Review object (30)", "action_flag": 3, "change_message": ""}}, {"model": "admin.logentry", "pk": 56, "fields": {"action_time": "2022-07-12T13:25:39.877Z", "user": 1, "content_type": 7, "object_id": "29", "object_repr": "Review object (29)", "action_flag": 3, "change_message": ""}}, {"model": "admin.logentry", "pk": 57, "fields": {"action_time": "2022-07-12T13:25:39.878Z", "user": 1, "content_type": 7, "object_id": "31", "object_repr": "Review object (31)", "action_flag": 3, "change_message": ""}}, {"model": "admin.logentry", "pk": 58, "fields": {"action_time": "2022-07-12T13:25:39.879Z", "user": 1, "content_type": 7, "object_id": "28", "object_repr": "Review object (28)", "action_flag": 3, "change_message": ""}}, {"model": "admin.logentry", "pk": 59, "fields": {"action_time": "2022-07-12T13:25:39.880Z", "user": 1, "content_type": 7, "object_id": "27", "object_repr": "Review object (27)", "action_flag": 3, "change_message": ""}}, {"model": "admin.logentry", "pk": 60, "fields": {"action_time": "2022-07-12T13:25:39.881Z", "user": 1, "content_type": 7, "object_id": "25", "object_repr": "Review object (25)", "action_flag": 3, "change_message": ""}}, {"model": "admin.logentry", "pk": 61, "fields": {"action_time": "2022-07-12T13:25:39.882Z", "user": 1, "content_type": 7, "object_id": "24", "object_repr": "Review object (24)", "action_flag": 3, "change_message": ""}}, {"model": "admin.logentry", "pk": 62, "fields": {"action_time": "2022-07-12T13:25:39.882Z", "user": 1, "content_type": 7, "object_id": "26", "object_repr": "Review object (26)", "action_flag": 3, "change_message": ""}}, {"model": "admin.logentry", "pk": 63, "fields": {"action_time": "2022-07-12T13:25:39.883Z", "user": 1, "content_type": 7, "object_id": "23", "object_repr": "Review object (23)", "action_flag": 3, "change_message": ""}}, {"model": "admin.logentry", "pk": 64, "fields": {"action_time": "2022-07-12T13:25:39.884Z", "user": 1, "content_type": 7, "object_id": "22", "object_repr": "Review object (22)", "action_flag": 3, "change_message": ""}}, {"model": "admin.logentry", "pk": 65, "fields": {"action_time": "2022-07-12T13:25:39.885Z", "user": 1, "content_type": 7, "object_id": "20", "object_repr": "Review object (20)", "action_flag": 3, "change_message": ""}}, {"model": "admin.logentry", "pk": 66, "fields": {"action_time": "2022-07-12T13:25:39.886Z", "user": 1, "content_type": 7, "object_id": "21", "object_repr": "Review object (21)", "action_flag": 3, "change_message": ""}}, {"model": "admin.logentry", "pk": 67, "fields": {"action_time": "2022-07-12T13:25:39.888Z", "user": 1, "content_type": 7, "object_id": "10", "object_repr": "Review object (10)", "action_flag": 3, "change_message": ""}}, {"model": "admin.logentry", "pk": 68, "fields": {"action_time": "2022-07-12T13:25:39.889Z", "user": 1, "content_type": 7, "object_id": "9", "object_repr": "Review object (9)", "action_flag": 3, "change_message": ""}}, {"model": "admin.logentry", "pk": 69, "fields": {"action_time": "2022-07-12T13:25:39.889Z", "user": 1, "content_type": 7, "object_id": "8", "object_repr": "Review object (8)", "action_flag": 3, "change_message": ""}}, {"model": "admin.logentry", "pk": 70, "fields": {"action_time": "2022-07-12T13:25:39.890Z", "user": 1, "content_type": 7, "object_id": "7", "object_repr": "Review object (7)", "action_flag": 3, "change_message": ""}}, {"model": "admin.logentry", "pk": 71, "fields": {"action_time": "2022-07-12T13:25:39.891Z", "user": 1, "content_type": 7, "object_id": "6", "object_repr": "Review object (6)", "action_flag": 3, "change_message": ""}}, {"model": "admin.logentry", "pk": 72, "fields": {"action_time": "2022-07-12T13:25:39.892Z", "user": 1, "content_type": 7, "object_id": "19", "object_repr": "Review object (19)", "action_flag": 3, "change_message": ""}}, {"model": "admin.logentry", "pk": 73, "fields": {"action_time": "2022-07-12T13:25:39.893Z", "user": 1, "content_type": 7, "object_id": "18", "object_repr": "Review object (18)", "action_flag": 3, "change_message": ""}}, {"model": "admin.logentry", "pk": 74, "fields": {"action_time": "2022-07-12T13:25:39.894Z", "user": 1, "content_type": 7, "object_id": "17", "object_repr": "Review object (17)", "action_flag": 3, "change_message": ""}}, {"model": "admin.logentry", "pk": 75, "fields": {"action_time": "2022-07-12T13:25:39.895Z", "user": 1, "content_type": 7, "object_id": "16", "object_repr": "Review object (16)", "action_flag": 3, "change_message": ""}}, {"model": "admin.logentry", "pk": 76, "fields": {"action_time": "2022-07-12T13:25:39.896Z", "user": 1, "content_type": 7, "object_id": "5", "object_repr": "Review object (5)", "action_flag": 3, "change_message": ""}}, {"model": "admin.logentry", "pk": 77, "fields": {"action_time": "2022-07-12T13:25:39.896Z", "user": 1, "content_type": 7, "object_id": "4", "object_repr": "Review object (4)", "action_flag": 3, "change_message": ""}}, {"model": "admin.logentry", "pk": 78, "fields": {"action_time": "2022-07-12T13:25:39.897Z", "user": 1, "content_type": 7, "object_id": "3", "object_repr": "Review object (3)", "action_flag": 3, "change_message": ""}}, {"model": "admin.logentry", "pk": 79, "fields": {"action_time": "2022-07-12T13:25:39.898Z", "user": 1, "content_type": 7, "object_id": "2", "object_repr": "Review object (2)", "action_flag": 3, "change_message": ""}}, {"model": "admin.logentry", "pk": 80, "fields": {"action_time": "2022-07-12T13:25:39.899Z", "user": 1, "content_type": 7, "object_id": "1", "object_repr": "Review object (1)", "action_flag": 3, "change_message": ""}}, {"model": "admin.logentry", "pk": 81, "fields": {"action_time": "2022-07-12T13:25:49.943Z", "user": 1, "content_type": 1, "object_id": "104", "object_repr": "angry", "action_flag": 3, "change_message": ""}}, {"model": "admin.logentry", "pk": 82, "fields": {"action_time": "2022-07-12T13:25:49.945Z", "user": 1, "content_type": 1, "object_id": "103", "object_repr": "reviewer", "action_flag": 3, "change_message": ""}}, {"model": "admin.logentry", "pk": 83, "fields": {"action_time": "2022-07-12T13:25:49.947Z", "user": 1, "content_type": 1, "object_id": "102", "object_repr": "faust", "action_flag": 3, "change_message": ""}}, {"model": "admin.logentry", "pk": 84, "fields": {"action_time": "2022-07-12T13:25:49.948Z", "user": 1, "content_type": 1, "object_id": "101", "object_repr": "capt_obvious", "action_flag": 3, "change_message": ""}}, {"model": "admin.logentry", "pk": 85, "fields": {"action_time": "2022-07-12T13:25:49.949Z", "user": 1, "content_type": 1, "object_id": "100", "object_repr": "bingobongo", "action_flag": 3, "change_message": ""}}, {"model": "admin.logentry", "pk": 86, "fields": {"action_time": "2022-07-12T13:26:01.359Z", "user": 1, "content_type": 4, "object_id": "42", "object_repr": "\u0411\u0430\u0445. \u041e\u0440\u043a\u0435\u0441\u0442\u0440\u043e\u0432\u0430\u044f \u0421\u044e\u0438\u0442\u0430 \u21162 \u0441\u0438 \u043c\u0438\u043d\u043e\u0440 \u041a\u043b\u0430\u0441\u0441\u0438\u043a\u0430", "action_flag": 3, "change_message": ""}}, {"model": "admin.logentry", "pk": 87, "fields": {"action_time": "2022-07-12T13:26:01.361Z", "user": 1, "content_type": 4, "object_id": "41", "object_repr": "\u041c\u043e\u0446\u0430\u0440\u0442 - \u0422\u0443\u0440\u0435\u0446\u043a\u0438\u0439 \u043c\u0430\u0440\u0448 \u041a\u043b\u0430\u0441\u0441\u0438\u043a\u0430", "action_flag": 3, "change_message": ""}}, {"model": "admin.logentry", "pk": 88, "fields": {"action_time": "2022-07-12T13:26:01.363Z", "user": 1, "content_type": 4, "object_id": "40", "object_repr": "Deep Purple \u2014 Smoke on the Water \u0420\u043e\u043a", "action_flag": 3, "change_message": ""}}, {"model": "admin.logentry", "pk": 89, "fields": {"action_time": "2022-07-12T13:26:01.364Z", "user": 1, "content_type": 4, "object_id": "39", "object_repr": "Elvis Presley - Blue Suede Shoes Rock-n-roll", "action_flag": 3, "change_message": ""}}, {"model": "admin.logentry", "pk": 90, "fields": {"action_time": "2022-07-12T13:26:01.366Z", "user": 1, "content_type": 4, "object_id": "38", "object_repr": "Jethro Tull - Aqualung \u0411\u0430\u043b\u043b\u0430\u0434\u0430", "action_flag": 3, "change_message": ""}}, {"model": "admin.logentry", "pk": 91, "fields": {"action_time": "2022-07-12T13:26:01.367Z", "user": 1, "content_type": 4, "object_id": "37", "object_repr": "Led Zeppelin \u2014 Stairway to Heaven \u0420\u043e\u043a", "action_flag": 3, "change_message": ""}}, {"model": "admin.logentry", "pk": 92, "fields": {"action_time": "2022-07-12T13:26:01.368Z", "user": 1, "content_type": 4, "object_id": "36", "object_repr": "Led Zeppelin \u2014 Stairway to Heaven \u0411\u0430\u043b\u043b\u0430\u0434\u0430", "action_flag": 3, "change_message": ""}}, {"model": "admin.logentry", "pk": 93, "fields": {"action_time": "2022-07-12T13:26:01.369Z", "user": 1, "content_type": 4, "object_id": "35", "object_repr": "\u0421\u0442\u0430\u0441 \u041c\u0438\u0445\u0430\u0439\u043b\u043e\u0432 - \u041f\u043e\u0437\u044b\u0432\u043d\u044b\u0435 \u043d\u0430 \u043b\u044e\u0431\u043e\u0432\u044c \u0428\u0430\u043d\u0441\u043e\u043d", "action_flag": 3, "change_message": ""}}, {"model": "admin.logentry", "pk": 94, "fields": {"action_time": "2022-07-12T13:26:01.370Z", "user": 1, "content_type": 4, "object_id": "34", "object_repr": "\u0412\u0438\u043d\u043d\u0438 \u041f\u0443\u0445 \u0438 \u0432\u0441\u0435-\u0432\u0441\u0435-\u0432\u0441\u0435 \u0421\u043a\u0430\u0437\u043a\u0430", "action_flag": 3, "change_message": ""}}, {"model": "admin.logentry", "pk": 95, "fields": {"action_time": "2022-07-12T13:26:01.371Z", "user": 1, "content_type": 4, "object_id": "33", "object_repr": "Generation \u041f \u0420\u043e\u043c\u0430\u043d", "action_flag": 3, "change_message": ""}}, {"model": "admin.logentry", "pk": 96, "fields": {"action_time": "2022-07-12T13:26:01.372Z", "user": 1, "content_type": 4, "object_id": "32", "object_repr": "\u0423\u043b\u0438\u0441\u0441 \u0420\u043e\u043c\u0430\u043d", "action_flag": 3, "change_message": ""}}, {"model": "admin.logentry", "pk": 97, "fields": {"action_time": "2022-07-12T13:26:01.374Z", "user": 1, "content_type": 4, "object_id": "31", "object_repr": "\u0412\u043e\u0439\u043d\u0430 \u0438 \u043c\u0438\u0440 \u0420\u043e\u043c\u0430\u043d", "action_flag": 3, "change_message": ""}}, {"model": "admin.logentry", "pk": 98, "fields": {"action_time": "2022-07-12T13:26:01.375Z", "user": 1, "content_type": 4, "object_id": "30", "object_repr": "\u0421\u0442\u0440\u0430\u0445 \u0438 \u043d\u0435\u043d\u0430\u0432\u0438\u0441\u0442\u044c \u0432 \u041b\u0430\u0441-\u0412\u0435\u0433\u0430\u0441\u0435 \u0413\u043e\u043d\u0437\u043e", "action_flag": 3, "change_message": ""}}, {"model": "admin.logentry", "pk": 99, "fields": {"action_time": "2022-07-12T13:26:01.376Z", "user": 1, "content_type": 4, "object_id": "29", "object_repr": "\u041a\u043e\u043b\u043e\u0431\u043e\u043a \u0421\u043a\u0430\u0437\u043a\u0430", "action_flag": 3, "change_message": ""}}, {"model": "admin.logentry", "pk": 100, "fields": {"action_time": "2022-07-12T13:26:01.377Z", "user": 1, "content_type": 4, "object_id": "28", "object_repr": "\u041a\u043e\u043b\u043e\u0431\u043e\u043a \u0422\u0440\u0438\u043b\u043b\u0435\u0440", "action_flag": 3, "change_message": ""}}, {"model": "admin.logentry", "pk": 101, "fields": {"action_time": "2022-07-12T13:26:01.378Z", "user": 1, "content_type": 4, "object_id": "27", "object_repr": "Generation \u041f \u0414\u0440\u0430\u043c\u0430", "action_flag": 3, "change_message": ""}}, {"model": "admin.logentry", "pk": 102, "fields": {"action_time": "2022-07-12T13:26:01.379Z", "user": 1, "content_type": 4, "object_id": "26", "object_repr": "\u0414\u0436\u0430\u043d\u0433\u043e \u043e\u0441\u0432\u043e\u0431\u043e\u0436\u0434\u0435\u043d\u043d\u044b\u0439 \u0414\u0440\u0430\u043c\u0430", "action_flag": 3, "change_message": ""}}, {"model": "admin.logentry", "pk": 103, "fields": {"action_time": "2022-07-12T13:26:01.380Z", "user": 1, "content_type": 4, "object_id": "25", "object_repr": "\u0414\u0436\u0435\u043d\u0442\u043b\u044c\u043c\u0435\u043d\u044b \u0443\u0434\u0430\u0447\u0438  \u041a\u043e\u043c\u0435\u0434\u0438\u044f", "action_flag": 3, "change_message": ""}}, {"model": "admin.logentry", "pk": 104, "fields": {"action_time": "2022-07-12T13:26:01.381Z", "user": 1, "content_type": 4, "object_id": "24", "object_repr": "\u041a\u0430\u0440\u0442\u044b, \u0434\u0435\u043d\u044c\u0433\u0438, \u0434\u0432\u0430 \u0441\u0442\u0432\u043e\u043b\u0430 \u041a\u043e\u043c\u0435\u0434\u0438\u044f", "action_flag": 3, "change_message": ""}}, {"model": "admin.logentry", "pk": 105, "fields": {"action_time": "2022-07-12T13:26:01.382Z", "user": 1, "content_type": 4, "object_id": "23", "object_repr": "\u041e\u043f\u0435\u0440\u0430\u0446\u0438\u044f \u00ab\u042b\u00bb \u0438 \u0434\u0440\u0443\u0433\u0438\u0435 \u043f\u0440\u0438\u043a\u043b\u044e\u0447\u0435\u043d\u0438\u044f \u0428\u0443\u0440\u0438\u043a\u0430 \u0421\u043a\u0430\u0437\u043a\u0430", "action_flag": 3, "change_message": ""}}, {"model": "admin.logentry", "pk": 106, "fields": {"action_time": "2022-07-12T13:26:01.383Z", "user": 1, "content_type": 4, "object_id": "22", "object_repr": "\u041e\u043f\u0435\u0440\u0430\u0446\u0438\u044f \u00ab\u042b\u00bb \u0438 \u0434\u0440\u0443\u0433\u0438\u0435 \u043f\u0440\u0438\u043a\u043b\u044e\u0447\u0435\u043d\u0438\u044f \u0428\u0443\u0440\u0438\u043a\u0430 \u0414\u0435\u0442\u0435\u043a\u0442\u0438\u0432", "action_flag": 3, "change_message": ""}}, {"model": "admin.logentry", "pk": 107, "fields": {"action_time": "2022-07-12T13:26:01.384Z", "user": 1, "content_type": 4, "object_id": "21", "object_repr": "\u041e\u043f\u0435\u0440\u0430\u0446\u0438\u044f \u00ab\u042b\u00bb \u0438 \u0434\u0440\u0443\u0433\u0438\u0435 \u043f\u0440\u0438\u043a\u043b\u044e\u0447\u0435\u043d\u0438\u044f \u0428\u0443\u0440\u0438\u043a\u0430 \u041a\u043e\u043c\u0435\u0434\u0438\u044f", "action_flag": 3, "change_message": ""}}, {"model": "admin.logentry", "pk": 108, "fields": {"action_time": "2022-07-12T13:26:01.384Z", "user": 1, "content_type": 4, "object_id": "20", "object_repr": "\u041d\u0430\u0437\u0430\u0434 \u0432 \u0431\u0443\u0434\u0443\u0449\u0435\u0435 \u0424\u0430\u043d\u0442\u0430\u0441\u0442\u0438\u043a\u0430", "action_flag": 3, "change_message": ""}}, {"model": "admin.logentry", "pk": 109, "fields": {"action_time": "2022-07-12T13:26:01.385Z", "user": 1, "content_type": 4, "object_id": "19", "object_repr": "\u041f\u0440\u043e\u043b\u0435\u0442\u0430\u044f \u043d\u0430\u0434 \u0433\u043d\u0435\u0437\u0434\u043e\u043c \u043a\u0443\u043a\u0443\u0448\u043a\u0438 \u0414\u0440\u0430\u043c\u0430", "action_flag": 3, "change_message": ""}}, {"model": "admin.logentry", "pk": 110, "fields": {"action_time": "2022-07-12T13:26:01.386Z", "user": 1, "content_type": 4, "object_id": "18", "object_repr": "\u041c\u0430\u0442\u0440\u0438\u0446\u0430 \u0421\u043a\u0430\u0437\u043a\u0430", "action_flag": 3, "change_message": ""}}, {"model": "admin.logentry", "pk": 111, "fields": {"action_time": "2022-07-12T13:26:01.387Z", "user": 1, "content_type": 4, "object_id": "17", "object_repr": "\u041c\u0430\u0442\u0440\u0438\u0446\u0430 \u0414\u0435\u0442\u0435\u043a\u0442\u0438\u0432", "action_flag": 3, "change_message": ""}}, {"model": "admin.logentry", "pk": 112, "fields": {"action_time": "2022-07-12T13:26:01.388Z", "user": 1, "content_type": 4, "object_id": "16", "object_repr": "\u041c\u0430\u0442\u0440\u0438\u0446\u0430 \u0424\u0430\u043d\u0442\u0430\u0441\u0442\u0438\u043a\u0430", "action_flag": 3, "change_message": ""}}, {"model": "admin.logentry", "pk": 113, "fields": {"action_time": "2022-07-12T13:26:01.389Z", "user": 1, "content_type": 4, "object_id": "15", "object_repr": "\u041c\u0430\u0442\u0440\u0438\u0446\u0430 \u0414\u0440\u0430\u043c\u0430", "action_flag": 3, "change_message": ""}}, {"model": "admin.logentry", "pk": 114, "fields": {"action_time": "2022-07-12T13:26:01.390Z", "user": 1, "content_type": 4, "object_id": "14", "object_repr": "\u0412\u043b\u0430\u0441\u0442\u0435\u043b\u0438\u043d \u043a\u043e\u043b\u0435\u0446: \u0414\u0432\u0435 \u043a\u0440\u0435\u043f\u043e\u0441\u0442\u0438 \u0424\u044d\u043d\u0442\u0435\u0437\u0438", "action_flag": 3, "change_message": ""}}, {"model": "admin.logentry", "pk": 115, "fields": {"action_time": "2022-07-12T13:26:01.392Z", "user": 1, "content_type": 4, "object_id": "13", "object_repr": "\u0417\u0432\u0451\u0437\u0434\u043d\u044b\u0435 \u0432\u043e\u0439\u043d\u044b. \u042d\u043f\u0438\u0437\u043e\u0434 5: \u0418\u043c\u043f\u0435\u0440\u0438\u044f \u043d\u0430\u043d\u043e\u0441\u0438\u0442 \u043e\u0442\u0432\u0435\u0442\u043d\u044b\u0439 \u0443\u0434\u0430\u0440 \u0424\u044d\u043d\u0442\u0435\u0437\u0438", "action_flag": 3, "change_message": ""}}, {"model": "admin.logentry", "pk": 116, "fields": {"action_time": "2022-07-12T13:26:01.394Z", "user": 1, "content_type": 4, "object_id": "12", "object_repr": "\u0424\u043e\u0440\u0440\u0435\u0441\u0442 \u0413\u0430\u043c\u043f \u041a\u043e\u043c\u0435\u0434\u0438\u044f", "action_flag": 3, "change_message": ""}}, {"model": "admin.logentry", "pk": 117, "fields": {"action_time": "2022-07-12T13:26:01.395Z", "user": 1, "content_type": 4, "object_id": "11", "object_repr": "\u0424\u043e\u0440\u0440\u0435\u0441\u0442 \u0413\u0430\u043c\u043f \u0414\u0440\u0430\u043c\u0430", "action_flag": 3, "change_message": ""}}, {"model": "admin.logentry", "pk": 118, "fields": {"action_time": "2022-07-12T13:26:01.396Z", "user": 1, "content_type": 4, "object_id": "10", "object_repr": "\u0411\u043e\u0439\u0446\u043e\u0432\u0441\u043a\u0438\u0439 \u043a\u043b\u0443\u0431 \u0422\u0440\u0438\u043b\u043b\u0435\u0440", "action_flag": 3, "change_message": ""}}, {"model": "admin.logentry", "pk": 119, "fields": {"action_time": "2022-07-12T13:26:01.397Z", "user": 1, "content_type": 4, "object_id": "9", "object_repr": "\u0412\u043b\u0430\u0441\u0442\u0435\u043b\u0438\u043d \u043a\u043e\u043b\u0435\u0446: \u0411\u0440\u0430\u0442\u0441\u0442\u0432\u043e \u043a\u043e\u043b\u044c\u0446\u0430 \u0424\u044d\u043d\u0442\u0435\u0437\u0438", "action_flag": 3, "change_message": ""}}, {"model": "admin.logentry", "pk": 120, "fields": {"action_time": "2022-07-12T13:26:01.398Z", "user": 1, "content_type": 4, "object_id": "8", "object_repr": "\u0425\u043e\u0440\u043e\u0448\u0438\u0439, \u043f\u043b\u043e\u0445\u043e\u0439, \u0437\u043b\u043e\u0439 \u0412\u0435\u0441\u0442\u0435\u0440\u043d", "action_flag": 3, "change_message": ""}}, {"model": "admin.logentry", "pk": 121, "fields": {"action_time": "2022-07-12T13:26:01.399Z", "user": 1, "content_type": 4, "object_id": "7", "object_repr": "\u041a\u0440\u0438\u043c\u0438\u043d\u0430\u043b\u044c\u043d\u043e\u0435 \u0447\u0442\u0438\u0432\u043e \u0422\u0440\u0438\u043b\u043b\u0435\u0440", "action_flag": 3, "change_message": ""}}, {"model": "admin.logentry", "pk": 122, "fields": {"action_time": "2022-07-12T13:26:01.400Z", "user": 1, "content_type": 4, "object_id": "6", "object_repr": "\u041a\u0440\u0438\u043c\u0438\u043d\u0430\u043b\u044c\u043d\u043e\u0435 \u0447\u0442\u0438\u0432\u043e \u0414\u0435\u0442\u0435\u043a\u0442\u0438\u0432", "action_flag": 3, "change_message": ""}}, {"model": "admin.logentry", "pk": 123, "fields": {"action_time": "2022-07-12T13:26:01.400Z", "user": 1, "content_type": 4, "object_id": "5", "object_repr": "\u041a\u0440\u0438\u043c\u0438\u043d\u0430\u043b\u044c\u043d\u043e\u0435 \u0447\u0442\u0438\u0432\u043e \u041a\u043e\u043c\u0435\u0434\u0438\u044f", "action_flag": 3, "change_message": ""}}, {"model": "admin.logentry", "pk": 124, "fields": {"action_time": "2022-07-12T13:26:01.401Z", "user": 1, "content_type": 4, "object_id": "4", "object_repr": "\u0421\u043f\u0438\u0441\u043e\u043a \u0428\u0438\u043d\u0434\u043b\u0435\u0440\u0430 \u0414\u0440\u0430\u043c\u0430", "action_flag": 3, "change_message": ""}}, {"model": "admin.logentry", "pk": 125, "fields": {"action_time": "2022-07-12T13:26:01.402Z", "user": 1, "content_type": 4, "object_id": "3", "object_repr": "12 \u0440\u0430\u0437\u0433\u043d\u0435\u0432\u0430\u043d\u043d\u044b\u0445 \u043c\u0443\u0436\u0447\u0438\u043d \u0414\u0440\u0430\u043c\u0430", "action_flag": 3, "change_message": ""}}, {"model": "admin.logentry", "pk": 126, "fields": {"action_time": "2022-07-12T13:26:01.403Z", "user": 1, "content_type": 4, "object_id": "2", "object_repr": "\u041a\u0440\u0435\u0441\u0442\u043d\u044b\u0439 \u043e\u0442\u0435\u0446 \u0414\u0440\u0430\u043c\u0430", "action_flag": 3, "change_message": ""}}, {"model": "admin.logentry", "pk": 127, "fields": {"action_time": "2022-07-12T13:26:01.404Z", "user": 1, "content_type": 4, "object_id": "1", "object_repr": "\u041f\u043e\u0431\u0435\u0433 \u0438\u0437 \u0428\u043e\u0443\u0448\u0435\u043d\u043a\u0430 \u0414\u0440\u0430\u043c\u0430", "action_flag": 3, "change_message": ""}}, {"model": "admin.logentry", "pk": 128, "fields": {"action_time": "2022-07-12T13:26:07.343Z", "user": 1, "content_type": 3, "object_id": "15", "object_repr": "\u0428\u0430\u043d\u0441\u043e\u043d", "action_flag": 3, "change_message": ""}}, {"model": "admin.logentry", "pk": 129, "fields": {"action_time": "2022-07-12T13:26:07.344Z", "user": 1, "content_type": 3, "object_id": "14", "object_repr": "\u0420\u043e\u043a", "action_flag": 3, "change_message": ""}}, {"model": "admin.logentry", "pk": 130, "fields": {"action_time": "2022-07-12T13:26:07.346Z", "user": 1, "content_type": 3, "object_id": "13", "object_repr": "\u041a\u043b\u0430\u0441\u0441\u0438\u043a\u0430", "action_flag": 3, "change_message": ""}}, {"model": "admin.logentry", "pk": 131, "fields": {"action_time": "2022-07-12T13:26:07.347Z", "user": 1, "content_type": 3, "object_id": "12", "object_repr": "Rock-n-roll", "action_flag": 3, "change_message": ""}}, {"model": "admin.logentry", "pk": 132, "fields": {"action_time": "2022-07-12T13:26:07.348Z", "user": 1, "content_type": 3, "object_id": "11", "object_repr": "\u0411\u0430\u043b\u043b\u0430\u0434\u0430", "action_flag": 3, "change_message": ""}}, {"model": "admin.logentry", "pk": 133, "fields": {"action_time": "2022-07-12T13:26:07.349Z", "user": 1, "content_type": 3, "object_id": "10", "object_repr": "\u0420\u043e\u043c\u0430\u043d", "action_flag": 3, "change_message": ""}}, {"model": "admin.logentry", "pk": 134, "fields": {"action_time": "2022-07-12T13:26:07.350Z", "user": 1, "content_type": 3, "object_id": "9", "object_repr": "\u0413\u043e\u043d\u0437\u043e", "action_flag": 3, "change_message": ""}}, {"model": "admin.logentry", "pk": 135, "fields": {"action_time": "2022-07-12T13:26:07.351Z", "user": 1, "content_type": 3, "object_id": "8", "object_repr": "\u0421\u043a\u0430\u0437\u043a\u0430", "action_flag": 3, "change_message": ""}}, {"model": "admin.logentry", "pk": 136, "fields": {"action_time": "2022-07-12T13:26:07.352Z", "user": 1, "content_type": 3, "object_id": "7", "object_repr": "\u0422\u0440\u0438\u043b\u043b\u0435\u0440", "action_flag": 3, "change_message": ""}}, {"model": "admin.logentry", "pk": 137, "fields": {"action_time": "2022-07-12T13:26:07.353Z", "user": 1, "content_type": 3, "object_id": "6", "object_repr": "\u0414\u0435\u0442\u0435\u043a\u0442\u0438\u0432", "action_flag": 3, "change_message": ""}}, {"model": "admin.logentry", "pk": 138, "fields": {"action_time": "2022-07-12T13:26:07.354Z", "user": 1, "content_type": 3, "object_id": "5", "object_repr": "\u0424\u0430\u043d\u0442\u0430\u0441\u0442\u0438\u043a\u0430", "action_flag": 3, "change_message": ""}}, {"model": "admin.logentry", "pk": 139, "fields": {"action_time": "2022-07-12T13:26:07.355Z", "user": 1, "content_type": 3, "object_id": "4", "object_repr": "\u0424\u044d\u043d\u0442\u0435\u0437\u0438", "action_flag": 3, "change_message": ""}}, {"model": "admin.logentry", "pk": 140, "fields": {"action_time": "2022-07-12T13:26:07.356Z", "user": 1, "content_type": 3, "object_id": "3", "object_repr": "\u0412\u0435\u0441\u0442\u0435\u0440\u043d", "action_flag": 3, "change_message": ""}}, {"model": "admin.logentry", "pk": 141, "fields": {"action_time": "2022-07-12T13:26:07.357Z", "user": 1, "content_type": 3, "object_id": "2", "object_repr": "\u041a\u043e\u043c\u0435\u0434\u0438\u044f", "action_flag": 3, "change_message": ""}}, {"model": "admin.logentry", "pk": 142, "fields": {"action_time": "2022-07-12T13:26:07.358Z", "user": 1, "content_type": 3, "object_id": "1", "object_repr": "\u0414\u0440\u0430\u043c\u0430", "action_flag": 3, "change_message": ""}}, {"model": "admin.logentry", "pk": 143, "fields": {"action_time": "2022-07-12T13:26:14.401Z", "user": 1, "content_type": 2, "object_id": "3", "object_repr": "\u041c\u0443\u0437\u044b\u043a\u0430", "action_flag": 3, "change_message": ""}}, {"model": "admin.logentry", "pk": 144, "fields": {"action_time": "2022-07-12T13:26:14.403Z", "user": 1, "content_type": 2, "object_id": "2", "object_repr": "\u041a\u043d\u0438\u0433\u0430", "action_flag": 3, "change_message": ""}}, {"model": "admin.logentry", "pk": 145, "fields": {"action_time": "2022-07-12T13:26:14.405Z", "user": 1, "content_type": 2, "object_id": "1", "object_repr": "\u0424\u0438\u043b\u044c\u043c", "action_flag": 3, "change_message": ""}}, {"model": "admin.logentry", "pk": 146, "fields": {"action_time": "2022-07-12T13:32:58.206Z", "user": 1, "content_type": 1, "object_id": "104", "object_repr": "angry", "action_flag": 3, "change_message": ""}}, {"model": "admin.logentry", "pk": 147, "fields": {"action_time": "2022-07-12T13:32:58.208Z", "user": 1, "content_type": 1, "object_id": "103", "object_repr": "reviewer", "action_flag": 3, "change_message": ""}}, {"model": "admin.logentry", "pk": 148, "fields": {"action_time": "2022-07-12T13:32:58.209Z", "user": 1, "content_type": 1, "object_id": "102", "object_repr": "faust", "action_flag": 3, "change_message": ""}}, {"model": "admin.logentry", "pk": 149, "fields": {"action_time": "2022-07-12T13:32:58.211Z", "user": 1, "content_type": 1, "object_id": "101", "object_repr": "capt_obvious", "action_flag": 3, "change_message": ""}}, {"model": "admin.logentry", "pk": 150, "fields": {"action_time": "2022-07-12T13:32:58.212Z", "user": 1, "content_type": 1, "object_id": "100", "object_repr": "bingobongo", "action_flag": 3, "change_message": ""}}, {"model": "admin.logentry", "pk": 151, "fields": {"action_time": "2022-07-12T13:33:11.320Z", "user": 1, "content_type": 5, "object_id": "32", "object_repr": "\u0411\u0430\u0445. \u041e\u0440\u043a\u0435\u0441\u0442\u0440\u043e\u0432\u0430\u044f \u0421\u044e\u0438\u0442\u0430 \u21162 \u0441\u0438 \u043c\u0438\u043d\u043e\u0440", "action_flag": 3, "change_message": ""}}, {"model": "admin.logentry", "pk": 152, "fields": {"action_time": "2022-07-12T13:33:11.322Z", "user": 1, "content_type": 5, "object_id": "31", "object_repr": "\u041c\u043e\u0446\u0430\u0440\u0442 - \u0422\u0443\u0440\u0435\u0446\u043a\u0438\u0439 \u043c\u0430\u0440\u0448", "action_flag": 3, "change_message": ""}}, {"model": "admin.logentry", "pk": 153, "fields": {"action_time": "2022-07-12T13:33:11.324Z", "user": 1, "content_type": 5, "object_id": "30", "object_repr": "Deep Purple \u2014 Smoke on the Water", "action_flag": 3, "change_message": ""}}, {"model": "admin.logentry", "pk": 154, "fields": {"action_time": "2022-07-12T13:33:11.325Z", "user": 1, "content_type": 5, "object_id": "29", "object_repr": "Elvis Presley - Blue Suede Shoes", "action_flag": 3, "change_message": ""}}, {"model": "admin.logentry", "pk": 155, "fields": {"action_time": "2022-07-12T13:33:11.326Z", "user": 1, "content_type": 5, "object_id": "28", "object_repr": "Jethro Tull - Aqualung", "action_flag": 3, "change_message": ""}}, {"model": "admin.logentry", "pk": 156, "fields": {"action_time": "2022-07-12T13:33:11.328Z", "user": 1, "content_type": 5, "object_id": "27", "object_repr": "Led Zeppelin \u2014 Stairway to Heaven", "action_flag": 3, "change_message": ""}}, {"model": "admin.logentry", "pk": 157, "fields": {"action_time": "2022-07-12T13:33:11.329Z", "user": 1, "content_type": 5, "object_id": "26", "object_repr": "\u0421\u0442\u0430\u0441 \u041c\u0438\u0445\u0430\u0439\u043b\u043e\u0432 - \u041f\u043e\u0437\u044b\u0432\u043d\u044b\u0435 \u043d\u0430 \u043b\u044e\u0431\u043e\u0432\u044c", "action_flag": 3, "change_message": ""}}, {"model": "admin.logentry", "pk": 158, "fields": {"action_time": "2022-07-12T13:33:11.330Z", "user": 1, "content_type": 5, "object_id": "25", "object_repr": "\u0412\u0438\u043d\u043d\u0438 \u041f\u0443\u0445 \u0438 \u0432\u0441\u0435-\u0432\u0441\u0435-\u0432\u0441\u0435", "action_flag": 3, "change_message": ""}}, {"model": "admin.logentry", "pk": 159, "fields": {"action_time": "2022-07-12T13:33:11.331Z", "user": 1, "content_type": 5, "object_id": "24", "object_repr": "Generation \u041f", "action_flag": 3, "change_message": ""}}, {"model": "admin.logentry", "pk": 160, "fields": {"action_time": "2022-07-12T13:33:11.332Z", "user": 1, "content_type": 5, "object_id": "23", "object_repr": "\u0423\u043b\u0438\u0441\u0441", "action_flag": 3, "change_message": ""}}, {"model": "admin.logentry", "pk": 161, "fields": {"action_time": "2022-07-12T13:33:11.334Z", "user": 1, "content_type": 5, "object_id": "22", "object_repr": "\u0412\u043e\u0439\u043d\u0430 \u0438 \u043c\u0438\u0440", "action_flag": 3, "change_message": ""}}, {"model": "admin.logentry", "pk": 162, "fields": {"action_time": "2022-07-12T13:33:11.335Z", "user": 1, "content_type": 5, "object_id": "21", "object_repr": "\u0421\u0442\u0440\u0430\u0445 \u0438 \u043d\u0435\u043d\u0430\u0432\u0438\u0441\u0442\u044c \u0432 \u041b\u0430\u0441-\u0412\u0435\u0433\u0430\u0441\u0435", "action_flag": 3, "change_message": ""}}, {"model": "admin.logentry", "pk": 163, "fields": {"action_time": "2022-07-12T13:33:11.336Z", "user": 1, "content_type": 5, "object_id": "20", "object_repr": "\u041a\u043e\u043b\u043e\u0431\u043e\u043a", "action_flag": 3, "change_message": ""}}, {"model": "admin.logentry", "pk": 164, "fields": {"action_time": "2022-07-12T13:33:11.337Z", "user": 1, "content_type": 5, "object_id": "19", "object_repr": "Generation \u041f", "action_flag": 3, "change_message": ""}}, {"model": "admin.logentry", "pk": 165, "fields": {"action_time": "2022-07-12T13:33:11.338Z", "user": 1, "content_type": 5, "object_id": "18", "object_repr": "\u0414\u0436\u0430\u043d\u0433\u043e \u043e\u0441\u0432\u043e\u0431\u043e\u0436\u0434\u0435\u043d\u043d\u044b\u0439", "action_flag": 3, "change_message": ""}}, {"model": "admin.logentry", "pk": 166, "fields": {"action_time": "2022-07-12T13:33:11.338Z", "user": 1, "content_type": 5, "object_id": "17", "object_repr": "\u0414\u0436\u0435\u043d\u0442\u043b\u044c\u043c\u0435\u043d\u044b \u0443\u0434\u0430\u0447\u0438 ", "action_flag": 3, "change_message": ""}}, {"model": "admin.logentry", "pk": 167, "fields": {"action_time": "2022-07-12T13:33:11.339Z", "user": 1, "content_type": 5, "object_id": "16", "object_repr": "\u041a\u0430\u0440\u0442\u044b, \u0434\u0435\u043d\u044c\u0433\u0438, \u0434\u0432\u0430 \u0441\u0442\u0432\u043e\u043b\u0430", "action_flag": 3, "change_message": ""}}, {"model": "admin.logentry", "pk": 168, "fields": {"action_time": "2022-07-12T13:33:11.340Z", "user": 1, "content_type": 5, "object_id": "15", "object_repr": "\u041e\u043f\u0435\u0440\u0430\u0446\u0438\u044f \u00ab\u042b\u00bb \u0438 \u0434\u0440\u0443\u0433\u0438\u0435 \u043f\u0440\u0438\u043a\u043b\u044e\u0447\u0435\u043d\u0438\u044f \u0428\u0443\u0440\u0438\u043a\u0430", "action_flag": 3, "change_message": ""}}, {"model": "admin.logentry", "pk": 169, "fields": {"action_time": "2022-07-12T13:33:11.341Z", "user": 1, "content_type": 5, "object_id": "14", "object_repr": "\u041d\u0430\u0437\u0430\u0434 \u0432 \u0431\u0443\u0434\u0443\u0449\u0435\u0435", "action_flag": 3, "change_message": ""}}, {"model": "admin.logentry", "pk": 170, "fields": {"action_time": "2022-07-12T13:33:11.342Z", "user": 1, "content_type": 5, "object_id": "13", "object_repr": "\u041f\u0440\u043e\u043b\u0435\u0442\u0430\u044f \u043d\u0430\u0434 \u0433\u043d\u0435\u0437\u0434\u043e\u043c \u043a\u0443\u043a\u0443\u0448\u043a\u0438", "action_flag": 3, "change_message": ""}}, {"model": "admin.logentry", "pk": 171, "fields": {"action_time": "2022-07-12T13:33:11.343Z", "user": 1, "content_type": 5, "object_id": "12", "object_repr": "\u041c\u0430\u0442\u0440\u0438\u0446\u0430", "action_flag": 3, "change_message": ""}}, {"model": "admin.logentry", "pk": 172, "fields": {"action_time": "2022-07-12T13:33:11.344Z", "user": 1, "content_type": 5, "object_id": "11", "object_repr": "\u0412\u043b\u0430\u0441\u0442\u0435\u043b\u0438\u043d \u043a\u043e\u043b\u0435\u0446: \u0414\u0432\u0435 \u043a\u0440\u0435\u043f\u043e\u0441\u0442\u0438", "action_flag": 3, "change_message": ""}}, {"model": "admin.logentry", "pk": 173, "fields": {"action_time": "2022-07-12T13:33:11.345Z", "user": 1, "content_type": 5, "object_id": "10", "object_repr": "\u0417\u0432\u0451\u0437\u0434\u043d\u044b\u0435 \u0432\u043e\u0439\u043d\u044b. \u042d\u043f\u0438\u0437\u043e\u0434 5: \u0418\u043c\u043f\u0435\u0440\u0438\u044f \u043d\u0430\u043d\u043e\u0441\u0438\u0442 \u043e\u0442\u0432\u0435\u0442\u043d\u044b\u0439 \u0443\u0434\u0430\u0440", "action_flag": 3, "change_message": ""}}, {"model": "admin.logentry", "pk": 174, "fields": {"action_time": "2022-07-12T13:33:11.345Z", "user": 1, "content_type": 5, "object_id": "9", "object_repr": "\u0424\u043e\u0440\u0440\u0435\u0441\u0442 \u0413\u0430\u043c\u043f", "action_flag": 3, "change_message": ""}}, {"model": "admin.logentry", "pk": 175, "fields": {"action_time": "2022-07-12T13:33:11.346Z", "user": 1, "content_type": 5, "object_id": "8", "object_repr": "\u0411\u043e\u0439\u0446\u043e\u0432\u0441\u043a\u0438\u0439 \u043a\u043b\u0443\u0431", "action_flag": 3, "change_message": ""}}, {"model": "admin.logentry", "pk": 176, "fields": {"action_time": "2022-07-12T13:33:11.347Z", "user": 1, "content_type": 5, "object_id": "7", "object_repr": "\u0412\u043b\u0430\u0441\u0442\u0435\u043b\u0438\u043d \u043a\u043e\u043b\u0435\u0446: \u0411\u0440\u0430\u0442\u0441\u0442\u0432\u043e \u043a\u043e\u043b\u044c\u0446\u0430", "action_flag": 3, "change_message": ""}}, {"model": "admin.logentry", "pk": 177, "fields": {"action_time": "2022-07-12T13:33:11.348Z", "user": 1, "content_type": 5, "object_id": "6", "object_repr": "\u0425\u043e\u0440\u043e\u0448\u0438\u0439, \u043f\u043b\u043e\u0445\u043e\u0439, \u0437\u043b\u043e\u0439", "action_flag": 3, "change_message": ""}}, {"model": "admin.logentry", "pk": 178, "fields": {"action_time": "2022-07-12T13:33:11.349Z", "user": 1, "content_type": 5, "object_id": "5", "object_repr": "\u041a\u0440\u0438\u043c\u0438\u043d\u0430\u043b\u044c\u043d\u043e\u0435 \u0447\u0442\u0438\u0432\u043e", "action_flag": 3, "change_message": ""}}, {"model": "admin.logentry", "pk": 179, "fields": {"action_time": "2022-07-12T13:33:11.350Z", "user": 1, "content_type": 5, "object_id": "4", "object_repr": "\u0421\u043f\u0438\u0441\u043e\u043a \u0428\u0438\u043d\u0434\u043b\u0435\u0440\u0430", "action_flag": 3, "change_message": ""}}, {"model": "admin.logentry", "pk": 180, "fields": {"action_time": "2022-07-12T13:33:11.351Z", "user": 1, "content_type": 5, "object_id": "3", "object_repr": "12 \u0440\u0430\u0437\u0433\u043d\u0435\u0432\u0430\u043d\u043d\u044b\u0445 \u043c\u0443\u0436\u0447\u0438\u043d", "action_flag": 3, "change_message": ""}}, {"model": "admin.logentry", "pk": 181, "fields": {"action_time": "2022-07-12T13:33:11.352Z", "user": 1, "content_type": 5, "object_id": "2", "object_repr": "\u041a\u0440\u0435\u0441\u0442\u043d\u044b\u0439 \u043e\u0442\u0435\u0446", "action_flag": 3, "change_message": ""}}, {"model": "admin.logentry", "pk": 182, "fields": {"action_time": "2022-07-12T13:33:11.353Z", "user": 1, "content_type": 5, "object_id": "1", "object_repr": "\u041f\u043e\u0431\u0435\u0433 \u0438\u0437 \u0428\u043e\u0443\u0448\u0435\u043d\u043a\u0430", "action_flag": 3, "change_message": ""}}, {"model": "admin.logentry", "pk": 183, "fields": {"action_time": "2022-07-12T13:33:18.203Z", "user": 1, "content_type": 3, "object_id": "15", "object_repr": "\u0428\u0430\u043d\u0441\u043e\u043d", "action_flag": 3, "change_message": ""}}, {"model": "admin.logentry", "pk": 184, "fields": {"action_time": "2022-07-12T13:33:18.206Z", "user": 1, "content_type": 3, "object_id": "14", "object_repr": "\u0420\u043e\u043a", "action_flag": 3, "change_message": ""}}, {"model": "admin.logentry", "pk": 185, "fields": {"action_time": "2022-07-12T13:33:18.208Z", "user": 1, "content_type": 3, "object_id": "13", "object_repr": "\u041a\u043b\u0430\u0441\u0441\u0438\u043a\u0430", "action_flag": 3, "change_message": ""}}, {"model": "admin.logentry", "pk": 186, "fields": {"action_time": "2022-07-12T13:33:18.209Z", "user": 1, "content_type": 3, "object_id": "12", "object_repr": "Rock-n-roll", "action_flag": 3, "change_message": ""}}, {"model": "admin.logentry", "pk": 187, "fields": {"action_time": "2022-07-12T13:33:18.210Z", "user": 1, "content_type": 3, "object_id": "11", "object_repr": "\u0411\u0430\u043b\u043b\u0430\u0434\u0430", "action_flag": 3, "change_message": ""}}, {"model": "admin.logentry", "pk": 188, "fields": {"action_time": "2022-07-12T13:33:18.211Z", "user": 1, "content_type": 3, "object_id": "10", "object_repr": "\u0420\u043e\u043c\u0430\u043d", "action_flag": 3, "change_message": ""}}, {"model": "admin.logentry", "pk": 189, "fields": {"action_time": "2022-07-12T13:33:18.213Z", "user": 1, "content_type": 3, "object_id": "9", "object_repr": "\u0413\u043e\u043d\u0437\u043e", "action_flag": 3, "change_message": ""}}, {"model": "admin.logentry", "pk": 190, "fields": {"action_time": "2022-07-12T13:33:18.214Z", "user": 1, "content_type": 3, "object_id": "8", "object_repr": "\u0421\u043a\u0430\u0437\u043a\u0430", "action_flag": 3, "change_message": ""}}, {"model": "admin.logentry", "pk": 191, "fields": {"action_time": "2022-07-12T13:33:18.215Z", "user": 1, "content_type": 3, "object_id": "7", "object_repr": "\u0422\u0440\u0438\u043b\u043b\u0435\u0440", "action_flag": 3, "change_message": ""}}, {"model": "admin.logentry", "pk": 192, "fields": {"action_time": "2022-07-12T13:33:18.216Z", "user": 1, "content_type": 3, "object_id": "6", "object_repr": "\u0414\u0435\u0442\u0435\u043a\u0442\u0438\u0432", "action_flag": 3, "change_message": ""}}, {"model": "admin.logentry", "pk": 193, "fields": {"action_time": "2022-07-12T13:33:18.217Z", "user": 1, "content_type": 3, "object_id": "5", "object_repr": "\u0424\u0430\u043d\u0442\u0430\u0441\u0442\u0438\u043a\u0430", "action_flag": 3, "change_message": ""}}, {"model": "admin.logentry", "pk": 194, "fields": {"action_time": "2022-07-12T13:33:18.219Z", "user": 1, "content_type": 3, "object_id": "4", "object_repr": "\u0424\u044d\u043d\u0442\u0435\u0437\u0438", "action_flag": 3, "change_message": ""}}, {"model": "admin.logentry", "pk": 195, "fields": {"action_time": "2022-07-12T13:33:18.220Z", "user": 1, "content_type": 3, "object_id": "3", "object_repr": "\u0412\u0435\u0441\u0442\u0435\u0440\u043d", "action_flag": 3, "change_message": ""}}, {"model": "admin.logentry", "pk": 196, "fields": {"action_time": "2022-07-12T13:33:18.221Z", "user": 1, "content_type": 3, "object_id": "2", "object_repr": "\u041a\u043e\u043c\u0435\u0434\u0438\u044f", "action_flag": 3, "change_message": ""}}, {"model": "admin.logentry", "pk": 197, "fields": {"action_time": "2022-07-12T13:33:18.222Z", "user": 1, "content_type": 3, "object_id": "1", "object_repr": "\u0414\u0440\u0430\u043c\u0430", "action_flag": 3, "change_message": ""}}, {"model": "admin.logentry", "pk": 198, "fields": {"action_time": "2022-07-12T13:33:24.623Z", "user": 1, "content_type": 2, "object_id": "3", "object_repr": "\u041c\u0443\u0437\u044b\u043a\u0430", "action_flag": 3, "change_message": ""}}, {"model": "admin.logentry", "pk": 199, "fields": {"action_time": "2022-07-12T13:33:24.626Z", "user": 1, "content_type": 2, "object_id": "2", "object_repr": "\u041a\u043d\u0438\u0433\u0430", "action_flag": 3, "change_message": ""}}, {"model": "admin.logentry", "pk": 200, "fields": {"action_time": "2022-07-12T13:33:24.627Z", "user": 1, "content_type": 2, "object_id": "1", "object_repr": "\u0424\u0438\u043b\u044c\u043c", "action_flag": 3, "change_message": ""}}, {"model": "admin.logentry", "pk": 201, "fields": {"action_time": "2022-07-12T13:36:18.984Z", "user": 1, "content_type": 7, "object_id": "75", "object_repr": "Review object (75)", "action_flag": 2, "change_message": "[]"}}, {"model": "admin.logentry", "pk": 202, "fields": {"action_time": "2022-07-12T13:36:24.306Z", "user": 1, "content_type": 7, "object_id": "74", "object_repr": "Review object (74)", "action_flag": 2, "change_message": "[]"}}, {"model": "admin.logentry", "pk": 203, "fields": {"action_time": "2022-07-12T13:36:26.874Z", "user": 1, "content_type": 7, "object_id": "73", "object_repr": "Review object (73)", "action_flag": 2, "change_message": "[]"}}, {"model": "admin.logentry", "pk": 204, "fields": {"action_time": "2022-07-12T13:36:29.385Z", "user": 1, "content_type": 7, "object_id": "72", "object_repr": "Review object (72)", "action_flag": 2, "change_message": "[]"}}, {"model": "admin.logentry", "pk": 205, "fields": {"action_time": "2022-07-12T13:36:49.601Z", "user": 1, "content_type": 6, "object_id": "1", "object_repr": "Rating object (1)", "action_flag": 1, "change_message": "[{\"added\": {}}]"}}, {"model": "admin.logentry", "pk": 206, "fields": {"action_time": "2022-07-12T13:36:56.972Z", "user": 1, "content_type": 6, "object_id": "2", "object_repr": "Rating object (2)", "action_flag": 1, "change_message": "[{\"added\": {}}]"}}, {"model": "admin.logentry", "pk": 207, "fields": {"action_time": "2022-07-12T13:37:04.248Z", "user": 1, "content_type": 6, "object_id": "3", "object_repr": "Rating object (3)", "action_flag": 1, "change_message": "[{\"added\": {}}]"}}]